endpoint_id,direction,semantic_signal,software_location,hardware_class,candidate_connector_pin,expected_electrical_behavior,expected_range_polarity_frequency,scaling_conversion,update_cadence,software_evidence,physical_evidence,permission_default,bench_stimulus_test
TPS,input,throttle_position,"ADC result $3031 in multi-channel mode -> L00A6 raw; filtered/converted throttle state feeds L01D9",analog_ADC,UNKNOWN,"3-wire voltage-divider behavior inferred; voltage should rise with throttle",~0.5V closed to ~4.5V WOT inferred,"raw 8-bit ADC -> calibrated/filtered %TPS",recurring ADC service,SOFTWARE_PROVEN,ELECTRICAL_INFERRED,READ_ONLY,"With PCM powered and actuator permissions false, inject/produce low-mid-high TPS signal (prefer real sensor or current-limited 0.5/2.5/4.5V); log L00A6 and converted %TPS; confirm monotonic increase and endpoints"
MAP,input,manifold_absolute_pressure,"ADC result $3032 in normal multi-channel path or selected MAP conversion -> L082E raw",analog_ADC,UNKNOWN,"3-wire pressure transducer behavior inferred; signal rises with absolute pressure",~0.5-4.5V inferred; vacuum-to-pressure monotonic,"raw 8-bit ADC -> MAP kPa using frozen calibration/scaling",recurring ADC service plus synchronized MAP path,SOFTWARE_PROVEN,ELECTRICAL_INFERRED,READ_ONLY,"Apply known vacuum/pressure to real MAP sensor or inject three safe voltages; log L082E and converted kPa; verify monotonicity and scaling"
COOLANT,input,coolant_temperature,"selected ADC result -> L00A5 raw; LC8D6 lookup through $FC45/$FD45 -> converted coolant state including L00B4/L0006 paths",thermistor_ADC,UNKNOWN,"NTC thermistor/pull-up behavior inferred; colder/open tends toward higher signal voltage",resistance-dependent 0-5V ADC domain inferred,"8-bit raw -> table-converted coolant representation",scheduled temperature service,SOFTWARE_PROVEN,ELECTRICAL_INFERRED,READ_ONLY,"Substitute known resistances/open/short-safe limits at coolant input; record L00A5 and converted coolant; verify monotonic hot/cold direction and lookup endpoints"
MAT_IAT,input,manifold_air_temperature,"ADC mode $04, result $3034 -> COMA -> L0230; lookup from $FE45 -> converted MAT state",thermistor_ADC,UNKNOWN,"NTC thermistor/pull-up behavior inferred; source explicitly inverts raw ADC before conversion",resistance-dependent 0-5V ADC domain inferred,"raw ADC inverted then table-converted; default/fault logic frozen",scheduled MAT service,SOFTWARE_PROVEN,ELECTRICAL_INFERRED,READ_ONLY,"Substitute known resistances/open/short-safe limits; record pre/post inversion if exposed, L0230, converted MAT and fault/default state"
O2_NARROWBAND,input,oxygen_sensor_voltage,"ADC result $3033 in normal multi-channel path -> L01D5 raw",analog_ADC,UNKNOWN,"narrowband O2 voltage source; low=lean high=rich",~0.05-0.95V typical inferred,"raw ADC -> O2 voltage/lean-rich qualification; invalid disables closed-loop trim",recurring ADC/closed-loop service,SOFTWARE_PROVEN,ELECTRICAL_INFERRED,READ_ONLY,"Inject current-limited 0.10/0.45/0.90V referenced to sensor return; log L01D5 and lean/rich/valid flags; confirm thresholds and monotonicity"
BATTERY_IGN,input,battery_voltage_and_key_power,"ADC $3034 path -> L00A7; LC56F also stores battery*10 at L0055; L8613 classifies <4V as ignition-off and 4-9V low battery",analog_ADC_power_sense,PCM_POWER_FEED_UNKNOWN,"supply voltage measured through internal divider",PCM operating supply; software thresholds 4V and 9V explicitly proven,"ADC -> VDC/10 representations L00A7/L0055",scheduled battery service,SOFTWARE_PROVEN,PHYSICAL_PIN_INFERRED,READ_ONLY,"Power PCM from current-limited bench supply; test 9/12/14V first and observe L00A7/L0055; later sweep toward key-off threshold under controlled conditions and verify L0044 bit4 semantics"
REF_DRP,input,engine_reference_period,"ASIC period/capture L3FC0 -> L005F and RPM/run-qualification state",timing_capture_ASIC,UNKNOWN,"pulse/event timing input from ignition/reference path; exact level/polarity remains bench-boundary",frequency proportional to engine speed; exact electrical level unknown,"period counts -> RPM/timebase using frozen $31 conversion",asynchronous REF/DRP event,SOFTWARE_PROVEN,PHYSICAL_PIN_INFERRED,READ_ONLY,"After pin/interface identification, drive a current-limited reference source at several known frequencies or use ignition module bench source; log L3FC0/L005F/RPM and run-qualification event count; confirm inverse period-frequency relation"
KNOCK_EVENT,input,knock_front_end_event_count,"CPU pulse-accumulator/counter state around relocated $3203/$3204 feeds knock/fault logic",pulse_counter_input,UNKNOWN,"conditioned knock-front-end events counted by CPU; raw sensor analog behavior is not claimed here",event count/frequency; physical level unknown,"counter delta -> knock detection/retard logic; fault fallback fixed retard frozen",event/minor-loop based,SOFTWARE_PROVEN,PHYSICAL_PIN_INFERRED,READ_ONLY,"Use mounted sensor tap or conditioned bench pulse source after front-end pin is identified; record $3203/$3204 delta and semantic knock count/retard; verify count increases without false authority changes"
VSS_OPTIONAL,input,vehicle_speed,stock vehicle-speed state feeds DFCO/dashpot but is not required for first stationary engine runtime,timing_capture_or_conditioned_input,UNKNOWN,"pulse train proportional to vehicle speed",frequency proportional to speed; exact interface unknown,"pulse/count -> vehicle speed",event/scheduled,SOFTWARE_PROVEN,PHYSICAL_PIN_INFERRED,DISABLED_OPTIONAL,"Leave disabled for first engine-off/first-start runtime. If retained later, inject known frequencies and verify speed scaling plus zero-speed fallback"
AC_REQUEST_OPTIONAL,input,air_conditioning_load_request,stock idle-load/transition paths consume A/C state; optional in first runtime,digital_input,UNKNOWN,"binary request; polarity unknown",0/1 state,logical request -> idle/load modifier,scheduled,SOFTWARE_PROVEN,PHYSICAL_PIN_INFERRED,DISABLED_OPTIONAL,"If retained, toggle isolated candidate input and log semantic A/C request and idle-air modifier without enabling compressor output"
EFI_PW,output,injector_pulsewidth_command,"semantic fuel PW -> preserved/bench $3FCE handoff; compact writer uses STD $3FCE",ASIC_injector_command,UNKNOWN,"pulsewidth-controlled injector driver; output polarity/current downstream unknown","0 command must produce no pulse; 1-4ms vectors prepared",16-bit counts in 1/65536s units -> physical pulsewidth,event/timer driven,SOFTWARE_PROVEN,PHYSICAL_PIN_INFERRED,DISABLED,"With engine impossible to run and current-limited/dummy load, execute existing 0/1/2/3/4ms vectors; scope candidate injector outputs and record raw counts, pulsewidth, polarity and zero behavior; FUEL-004 requires separate dropout path"
FUEL_PUMP,output,fuel_pump_relay_command,"startup/IRQ path writes $FF to L306F; no-DRP timeout path writes $00 to L306F",board_output_latch,UNKNOWN,"binary relay-control output; software strongly indicates FF=assert candidate and 00=clear candidate; physical inversion unknown",binary; 12.5ms startup routine with calibrated no-DRP timeout,"semantic pump request -> HAL binary command",12.5ms source routine for timeout logic,SOFTWARE_PROVEN,PHYSICAL_PIN_INFERRED,DISABLED,"No fuel connected: toggle semantic pump request through HAL test gate; observe L306F and candidate header pin with scope/LED dummy load; confirm active/inactive polarity before relay/load use"
IAC_PHASE_ENABLE,output,idle_air_step_command,"L0007/L0008 compare -> L000A bit0/2/3/4 -> L004C bits2/3/4 -> L3062 latch",stepper_driver_latch,UNKNOWN,"4-state A/B phase ring plus Enable; physical coil mapping/open-close polarity/current unknown",phase states 00/04/0C/08 and reverse ring; enable bit candidate 10,"semantic target/error -> direction -> one-step phase -> HAL latch",source step cadence qualified; safe physical rate bench pending,SOFTWARE_PROVEN,PHYSICAL_PIN_INFERRED,DISABLED,"First with motor disconnected, command single gated phase steps and scope candidate pins; identify A/B/Enable and transition order. Then current-limited motor test determines open/close direction, one-step relation, park hard-stop and safe cadence"
SPARK_TIMING,output,spark_EST_timing_command,"semantic spark -> stock conversion/rolling-state path -> $3FE8/$3FE6/$3FF6/$3FDC with $3FEC->$3FE4 sync candidate",ASIC_timing_handoff,UNKNOWN,"timing command to ignition/EST path; exact paired register physical roles and polarity unknown",event timing relative to REF; physical waveform unknown,"degrees -> period/latency timing domain via frozen spark conversion",REF/event driven,SOFTWARE_PROVEN,PHYSICAL_PIN_INFERRED,DISABLED,"Use preserved stock handoff only. With ignition output isolated/dummy-loaded, feed known fixed spark requests at known REF frequencies; scope candidate EST output and verify timing monotonicity before coil authority"
EST_BYPASS_AUTHORITY,output,ignition_module_authority_transfer,"run qualification uses L3FC0 + L4133 threshold + L0210 count; physical BYPASS control is not yet assigned to a proven register/pin",ignition_authority_output,UNKNOWN,"binary authority transfer expected; polarity and actual hardware owner unknown",crank/base-timing vs PCM EST authority,"semantic run-qualified permission -> HAL authority gate",REF/run-transition event,SOFTWARE_PROVEN,PHYSICAL_PIN_INFERRED,DISABLED,"Identify BYPASS pin first. Scope crank-to-run with stock code or isolated bench ignition module while logging run qualification; determine voltage/polarity and exact handoff timing. Do not enable custom authority before pass"
ALDL_DEBUG,io,development_observability,"SCI/ALDL service path; replacement runtime will expose raw snapshot, converted values, validity, lifecycle, requests and permissions through HAL-owned serial service",SCI_serial,ALDL_PIN_UNKNOWN,"single-wire/serial transceiver behavior depends board interface; CPU SCI levels are internal",stock baud/protocol to be preserved or development frame explicitly defined,"semantic debug frame -> HAL serial transport",foreground/service cadence,SOFTWARE_PROVEN,PHYSICAL_PIN_INFERRED,SAFE_DEBUG_ONLY,"With all actuator permissions false, transmit a fixed heartbeat/debug frame; confirm CPU/board serial waveform and host decode, then expose endpoint raw/converted/validity fields"
POWER_HOLD_SHUTDOWN,output,pcm_delayed_shutdown,"key-off state clears runtime state then L027E counts against calibration L4009 before final power-control register action",board_power_control,INTERNAL_OR_HEADER_UNKNOWN,"delayed self-power/hold behavior suspected; exact register-to-physical effect not yet bench-proven",key-off delay per L4009; physical voltage/current path unknown,"lifecycle state -> HAL shutdown request",key-off/shutdown cadence,SOFTWARE_PROVEN,PHYSICAL_PIN_INFERRED,DISABLED,"Bench PCM on current-limited supply; key-off stimulus via supply/ignition feed, log shutdown counter/state and board current/selected outputs until final action; identify whether any external pin remains powered and confirm power-control effect"
MIL_OPTIONAL,output,malfunction_indicator,diagnostic state exists but physical lamp writer is not required for first production-control runtime,digital_output,UNKNOWN,"lamp/relay style output likely board-driven; polarity unknown",binary,"semantic diagnostic-lamp request -> HAL output",foreground diagnostic cadence,SOFTWARE_PROVEN,PHYSICAL_PIN_INFERRED,DISABLED_OPTIONAL,"If retained, drive only through isolated dummy load after pin mapping; confirm active polarity and that lamp reporting has no control fallback side effects"
