section_index,section_name,section_title,start_address,end_address,record_count,fcb_count,fdb_count,data_width,raw_label,raw_comment,module_candidate,submodule_candidate,minimal_os_relevance,excluded_reason,source_confidence,needs_hardware_contract,notes
1,CAL_$4000,EPROM ID,$4000,$4035,47,40,7,mixed_fcb_fdb,L4000,EPROM ID,evap_excluded,evap,excluded,EVAP/purge strategy excluded,high_keyword,no,excluded strategy baggage; do not feed minimal OS unless future hardwa
2,CAL_$4036,%DC gm/sec AIRFLOW,$4036,$4046,17,17,0,8_bit_fcb,L4036,%DC gm/sec AIRFLOW,evap_excluded,evap,excluded,EVAP/purge strategy excluded,high_keyword,no,excluded strategy baggage; do not feed minimal OS unless future hardwa
3,CAL_$4047,%D.C. gm/sec AIRFLOW,$4047,$4076,48,48,0,8_bit_fcb,L4047,%D.C. gm/sec AIRFLOW,evap_excluded,evap,excluded,EVAP/purge strategy excluded,high_keyword,no,excluded strategy baggage; do not feed minimal OS unless future hardwa
4,CAL_$4077,% COEF gm/sec AIR FLOW,$4077,$4087,17,17,0,8_bit_fcb,L4077,% COEF gm/sec AIR FLOW,sensor_scaling,sensor scaling/input conditioning,likely_required,,medium_keyword,yes,classified by label/comment keywords; validate exact usage through mod
5,CAL_$4088,Deg c A/F RATIO,$4088,$408E,7,7,0,8_bit_fcb,L4088,Deg c A/F RATIO,fuel,fuel math/output support,likely_required,,high_keyword,yes,classified by label/comment keywords; validate exact usage through mod
6,CAL_$408F,L408D FCB 128 ; 0 14.7 | L408E FCB 128 ; 0 15.5 | RPM REACTI,$408F,$4165,206,197,9,mixed_fcb_fdb,L408F,L408D FCB 128 ; 0 14.7 | L408E FCB 128 ; 0 15.5 | RPM REACTION TEMP CO,egr_excluded,egr,excluded,EGR/emissions strategy excluded,high_keyword,no,excluded strategy baggage; do not feed minimal OS unless future hardwa
7,CAL_$4166,ends @ $4289,$4166,$4289,292,292,0,8_bit_fcb,L4166,ends @ $4289,spark,spark math/output support,bench_gated,,medium_keyword,yes,classified by label/comment keywords; validate exact usage through mod
8,CAL_$428A,ends @ 43AD,$428A,$43AE,293,293,0,8_bit_fcb,L428A,ends @ 43AD,spark,spark math/output support,bench_gated,,medium_keyword,yes,classified by label/comment keywords; validate exact usage through mod
9,CAL_$43AF,ends @ 4438,$43AF,$4439,139,139,0,8_bit_fcb,L43AF,ends @ 4438,warmup_afterstart,warmup/afterstart module,likely_required,,medium_keyword,yes,classified by label/comment keywords; validate exact usage through mod
10,CAL_$443A,ends @ 448F,$443A,$449C,99,99,0,8_bit_fcb,L443A,ends @ 448F,spark,spark math/output support,bench_gated,,medium_keyword,yes,classified by label/comment keywords; validate exact usage through mod
11,CAL_$449D,% MULT Kpa MAP,$449D,$44AD,17,17,0,8_bit_fcb,L449D,% MULT Kpa MAP,spark,spark math/output support,bench_gated,,medium_keyword,yes,classified by label/comment keywords; validate exact usage through mod
12,CAL_$44AE,% MULT Kpa MAP,$44AE,$44BE,17,17,0,8_bit_fcb,L44AE,% MULT Kpa MAP,spark,spark math/output support,bench_gated,,medium_keyword,yes,classified by label/comment keywords; validate exact usage through mod
13,CAL_$44BF,Deg SPK RPM,$44BF,$44CF,17,17,0,8_bit_fcb,L44BF,Deg SPK RPM,spark,spark math/output support,bench_gated,,high_keyword,yes,classified by label/comment keywords; validate exact usage through mod
14,CAL_$44D0,sec's FLOW (BIN),$44D0,$44D4,5,5,0,8_bit_fcb,L44D0,sec's FLOW (BIN),spark,spark math/output support,bench_gated,,medium_keyword,yes,classified by label/comment keywords; validate exact usage through mod
15,CAL_$44D5,L44D2 FCB 9 ; 2.0 32 | L44D3 FCB 4 ; 1.0 48 | L44D4 FCB 2 ; ,$44D5,$44F0,28,28,0,8_bit_fcb,L44D5,L44D2 FCB 9 ; 2.0 32 | L44D3 FCB 4 ; 1.0 48 | L44D4 FCB 2 ; 0.6 64 | A,spark,spark math/output support,bench_gated,,medium_keyword,yes,classified by label/comment keywords; validate exact usage through mod
16,CAL_$44F1,Spk RPM ERR,$44F1,$44F8,8,8,0,8_bit_fcb,L44F1,Spk RPM ERR,iac_idle,IAC/idle-air module,bench_gated,,medium_keyword,yes,classified by label/comment keywords; validate exact usage through mod
17,CAL_$44F9,MULT Kpa MAP,$44F9,$4502,10,10,0,8_bit_fcb,L44F9,MULT Kpa MAP,iac_idle,IAC/idle-air module,bench_gated,,medium_keyword,yes,classified by label/comment keywords; validate exact usage through mod
18,CAL_$4502,Deg RPM,$4503,$450A,8,8,0,8_bit_fcb,L4503,Deg RPM,iac_idle,IAC/idle-air module,bench_gated,,medium_keyword,yes,classified by label/comment keywords; validate exact usage through mod
19,CAL_$450B,FACTOR Kpa MAP,$450B,$451A,16,16,0,8_bit_fcb,L450B,FACTOR Kpa MAP,iac_idle,IAC/idle-air module,bench_gated,,high_keyword,yes,classified by label/comment keywords; validate exact usage through mod
20,CAL_$4518,Deg RPM RATIO,$451B,$452C,18,18,0,8_bit_fcb,L451B,Deg RPM RATIO,iac_idle,IAC/idle-air module,bench_gated,,medium_keyword,yes,classified by label/comment keywords; validate exact usage through mod
21,CAL_$452D,DEG SA COOL Deg c,$452D,$4536,10,10,0,8_bit_fcb,L452D,DEG SA COOL Deg c,crank_start,crank/start module,likely_required,,medium_keyword,yes,classified by label/comment keywords; validate exact usage through mod
22,CAL_$4537,SEC'S COOL Deg c,$4537,$4540,10,10,0,8_bit_fcb,L4537,SEC'S COOL Deg c,spark,spark math/output support,bench_gated,,medium_keyword,yes,classified by label/comment keywords; validate exact usage through mod
23,CAL_$4541,MULT COOL Deg c,$4541,$454A,10,10,0,8_bit_fcb,L4541,MULT COOL Deg c,spark,spark math/output support,bench_gated,,medium_keyword,yes,classified by label/comment keywords; validate exact usage through mod
24,CAL_$454B,usec RPM,$454B,$4557,13,13,0,8_bit_fcb,L454B,usec RPM,spark_latency,spark module latency,bench_gated,,medium_keyword,yes,classified by label/comment keywords; validate exact usage through mod
25,CAL_$4558,L4557 FCB 10 ; 153 4800 | BARO CORR FACTOR vs RPM & TPS | TE,$4558,$4584,45,45,0,8_bit_fcb,L4558,L4557 FCB 10 ; 153 4800 | BARO CORR FACTOR vs RPM & TPS | TERM ADDED T,sensor_scaling,sensor scaling/input conditioning,likely_required,,high_keyword,yes,classified by label/comment keywords; validate exact usage through mod
26,CAL_$4585,Deg SA RPM,$4585,$458C,8,8,0,8_bit_fcb,L4585,Deg SA RPM,spark,spark math/output support,bench_gated,,medium_keyword,yes,classified by label/comment keywords; validate exact usage through mod
27,CAL_$458D,Deg SA Kpa Vac,$458D,$4593,7,7,0,8_bit_fcb,L458D,Deg SA Kpa Vac,spark,spark math/output support,bench_gated,,medium_keyword,yes,classified by label/comment keywords; validate exact usage through mod
28,CAL_$4594,Deg/Msec RPM,$4594,$45A4,17,17,0,8_bit_fcb,L4594,Deg/Msec RPM,spark,spark math/output support,bench_gated,,medium_keyword,yes,classified by label/comment keywords; validate exact usage through mod
29,CAL_$45A5,%/Msec RPM,$45A5,$45BD,25,25,0,8_bit_fcb,L45A5,%/Msec RPM,spark,spark math/output support,bench_gated,,medium_keyword,yes,classified by label/comment keywords; validate exact usage through mod
30,CAL_$45BE,% MULT RPM,$45BE,$45C6,9,9,0,8_bit_fcb,L45BE,% MULT RPM,spark,spark math/output support,bench_gated,,medium_keyword,yes,classified by label/comment keywords; validate exact usage through mod
31,CAL_$45C7,%MULT Kpa MAP,$45C7,$45DA,20,20,0,8_bit_fcb,L45C7,%MULT Kpa MAP,spark,spark math/output support,bench_gated,,medium_keyword,yes,classified by label/comment keywords; validate exact usage through mod
32,CAL_$45DB,Msec RPM,$45DB,$461B,65,65,0,8_bit_fcb,L45DB,Msec RPM,spark,spark math/output support,bench_gated,,medium_keyword,yes,classified by label/comment keywords; validate exact usage through mod
33,CAL_$461C,Msec RPM,$461C,$465C,65,65,0,8_bit_fcb,L461C,Msec RPM,unknown,unknown,unknown,,low_unclassified,yes_if_later_used,no confident module keyword; keep listed rather than guessing
34,CAL_$465D,msec RPM,$465D,$46E3,70,5,65,mixed_fcb_fdb,L465D,msec RPM,spark,spark math/output support,bench_gated,,medium_keyword,yes,classified by label/comment keywords; validate exact usage through mod
35,CAL_$46E4,Deg Cool Deg c,$46E4,$46F8,21,21,0,8_bit_fcb,L46E4,Deg Cool Deg c,spark,spark math/output support,bench_gated,,high_keyword,yes,classified by label/comment keywords; validate exact usage through mod
36,CAL_$46F9,END OF SPARK PARAM'S | EGR PARAM'S | TYPE $31 PCM | EGR ENAB,$46F9,$4709,17,17,0,8_bit_fcb,L46F9,END OF SPARK PARAM'S | EGR PARAM'S | TYPE $31 PCM | EGR ENABLE QUALIFI,egr_excluded,egr,excluded,EGR/emissions strategy excluded,high_keyword,no,excluded strategy baggage; do not feed minimal OS unless future hardwa
37,CAL_$470A,0 = VAC,$470A,$470A,1,1,0,8_bit_fcb,L470A,0 = VAC,egr_excluded,egr,excluded,EGR/emissions strategy excluded,high_keyword,no,excluded strategy baggage; do not feed minimal OS unless future hardwa
38,CAL_$470B,09-18-2000 Dissassemby of BMHM | 9 COL x 9 BLOCKS = 81 BYTES,$470B,$475F,85,85,0,8_bit_fcb,L470B,09-18-2000 Dissassemby of BMHM | 9 COL x 9 BLOCKS = 81 BYTES | TBL = 2,egr_excluded,egr,excluded,EGR/emissions strategy excluded,high_keyword,no,excluded strategy baggage; do not feed minimal OS unless future hardwa
39,CAL_$4760,MULT DEG C COOL,$4760,$4766,7,7,0,8_bit_fcb,L4760,MULT DEG C COOL,egr_excluded,egr,excluded,EGR/emissions strategy excluded,high_keyword,no,excluded strategy baggage; do not feed minimal OS unless future hardwa
40,CAL_$4767,EGR GAIN FACTOR vs BARO & MAP | FOR BP EGR WITH 0 TO DISABLE,$4767,$4789,35,35,0,8_bit_fcb,L4767,EGR GAIN FACTOR vs BARO & MAP | FOR BP EGR WITH 0 TO DISABLE EGR | OR ,egr_excluded,egr,excluded,EGR/emissions strategy excluded,high_keyword,no,excluded strategy baggage; do not feed minimal OS unless future hardwa
41,CAL_$478A,(BP EGR) | TBL = 00 = NO FUEL REDUCTION | = FF = 25% FUEL RE,$478A,$47CD,68,68,0,8_bit_fcb,L478A,(BP EGR) | TBL = 00 = NO FUEL REDUCTION | = FF = 25% FUEL REDUCTION | ,egr_excluded,egr,excluded,EGR/emissions strategy excluded,high_keyword,no,excluded strategy baggage; do not feed minimal OS unless future hardwa
42,CAL_$47CE,FILT COEF gms/sec,$47CE,$47D3,6,6,0,8_bit_fcb,L47CE,FILT COEF gms/sec,egr_excluded,egr,excluded,EGR/emissions strategy excluded,high_keyword,no,excluded strategy baggage; do not feed minimal OS unless future hardwa
43,CAL_$47D4,Kpa PSI gms/sec flow,$47D4,$47E4,17,17,0,8_bit_fcb,L47D4,Kpa PSI gms/sec flow,egr_excluded,egr,excluded,EGR/emissions strategy excluded,high_keyword,no,excluded strategy baggage; do not feed minimal OS unless future hardwa
44,CAL_$47E5,L47E4 FCB 132 ; 41.3 5.9 256 | %EGR FLOW vs EGR VALVE PRESS ,$47E5,$4855,113,113,0,8_bit_fcb,L47E5,L47E4 FCB 132 ; 41.3 5.9 256 | %EGR FLOW vs EGR VALVE PRESS DROP and |,egr_excluded,egr,excluded,EGR/emissions strategy excluded,high_keyword,no,excluded strategy baggage; do not feed minimal OS unless future hardwa
45,CAL_$4856,FACTOR Kpa baro,$4856,$485E,8,8,0,8_bit_fcb,L4856,FACTOR Kpa baro,egr_excluded,egr,excluded,EGR/emissions strategy excluded,high_keyword,no,excluded strategy baggage; do not feed minimal OS unless future hardwa
46,CAL_$485F,EGR SPARK CORRECTION vs RPM & LOAD | (Load = %EGR OR Vac) | SEE,$485F,$485F,1,1,0,8_bit_fcb,L485F,EGR SPARK CORRECTION vs RPM & LOAD | (Load = %EGR OR Vac) | SEE BIAS AT L,egr_excluded,egr,excluded,EGR/emissions strategy excluded,high_keyword,no,excluded strategy baggage; do not feed minimal OS unless future hardwa
47,CAL_$4860,SEE BIAS AT L413A, (0 DEG) | Dissassemby of BMHM | 13 X 5 LINE,$4860,$48A9,74,74,0,8_bit_fcb,L4860,SEE BIAS AT L413A, (0 DEG) | Dissassemby of BMHM | 13 X 5 LINES | TABLE =,egr_excluded,egr,excluded,EGR/emissions strategy excluded,medium_keyword,no,excluded strategy baggage; do not feed minimal OS unless future hardwa
48,CAL_$48AA,%D.C. % POS ERR,$48AA,$48AF,6,6,0,8_bit_fcb,L48AA,%D.C. % POS ERR,egr_excluded,egr,excluded,EGR/emissions strategy excluded,high_keyword,no,excluded strategy baggage; do not feed minimal OS unless future hardwa
49,CAL_$48B0,FACTOR % POS ERR,$48B0,$48B5,6,6,0,8_bit_fcb,L48B0,FACTOR % POS ERR,egr_excluded,egr,excluded,EGR/emissions strategy excluded,high_keyword,no,excluded strategy baggage; do not feed minimal OS unless future hardwa
50,CAL_$48B6,FACTOR % POS ERR,$48B6,$48F6,64,64,0,8_bit_fcb,L48B6,FACTOR % POS ERR,egr_excluded,egr,excluded,EGR/emissions strategy excluded,medium_keyword,no,excluded strategy baggage; do not feed minimal OS unless future hardwa
51,CAL_$48F7,b4 1 = Not Used | b3 1 = Not Used | b2 1 = SEPARATE BLM PK/NE,$48F7,$4913,29,29,0,8_bit_fcb,L48F7,b4 1 = Not Used | b3 1 = Not Used | b2 1 = SEPARATE BLM PK/NEUT CELLS | B,fuel,fuel math/output support,likely_required,,medium_keyword,yes,classified by label/comment keywords; validate exact usage through mod
52,CAL_$4914,L4912 FCB 7 ; PROPORTIONAL CNT'L LIMIT IF ACELL LMT IN EFFECT | AFR PA,$4914,$4949,54,54,0,8_bit_fcb,L4914,L4912 FCB 7 ; PROPORTIONAL CNT'L LIMIT IF ACELL LMT IN EFFECT | AFR PARAMS | BMHM,,fuel,fuel math/output support,likely_required,,high_keyword,yes,classified by label/comment keywords; validate exact usage through mod
53,CAL_$494A,L4949 FCB 0 ; 128 DRP'S, TIME TO COAST DOWN TO ~0 RPM (NO WINDAGE),$494A,$494E,5,5,0,8_bit_fcb,L494A,L4949 FCB 0 ; 128 DRP'S, TIME TO COAST DOWN TO ~0 RPM (NO WINDAGE),crank_start,crank/start module,likely_required,,high_keyword,yes,classified by label/comment keywords; validate exact usage through mod
54,CAL_$494F,L494B FCB 110 ; 477 mvdc LEAN o2 Thresh at IDLE | L494C FCB 119 ; ,$494F,$4974,38,38,0,8_bit_fcb,L494F,L494B FCB 110 ; 477 mvdc LEAN o2 Thresh at IDLE | L494C FCB 119 ; 516 mvdc M,trans_excluded,trans,excluded,transmission strategy excluded unless hardware-req,medium_keyword,no,excluded strategy baggage; do not feed minimal OS unless future hardwa
55,CAL_$4975,L4971 FCB 25 ; 3.125% TPS TPS THRESH TO DISABLE O2 CLOSED LOOP | L,$4975,$4979,5,5,0,8_bit_fcb,L4975,L4971 FCB 25 ; 3.125% TPS TPS THRESH TO DISABLE O2 CLOSED LOOP | L4972 FCB 24,sensor_scaling,sensor scaling/input conditioning,likely_required,,high_keyword,yes,classified by label/comment keywords; validate exact usage through mod
56,CAL_$497A,FACTOR BPW,$497A,$497F,6,6,0,8_bit_fcb,L497A,FACTOR BPW,fuel,fuel math/output support,likely_required,,high_keyword,yes,classified by label/comment keywords; validate exact usage through mod
57,CAL_$4980,L497D FCB 0 ; 0.000 100 | L497E FCB 0 ; 0.000 120 | L497F FCB 0,$4980,$49BB,60,60,0,8_bit_fcb,L4980,L497D FCB 0 ; 0.000 100 | L497E FCB 0 ; 0.000 120 | L497F FCB 0 ; 0.,fuel,fuel math/output support,likely_required,,medium_keyword,yes,classified by label/comment keywords; validate exact usage through mod
58,CAL_$49BC,TIME (msec) FLOW,$49BC,$49D0,21,21,0,8_bit_fcb,L49BC,TIME (msec) FLOW,fuel,fuel math/output support,likely_required,,medium_keyword,yes,classified by label/comment keywords; validate exact usage through mod
59,CAL_$49D1,FACTOR BPW,$49D1,$49E5,21,21,0,8_bit_fcb,L49D1,FACTOR BPW,fuel,fuel math/output support,likely_required,,high_keyword,yes,classified by label/comment keywords; validate exact usage through mod
60,CAL_$49E6,L49E5 FCB 255 ; 0.996 120 | RESTART FUEL ENRICH Vs INITIAL FUEL ,$49E6,$49F5,16,16,0,8_bit_fcb,L49E6,L49E5 FCB 255 ; 0.996 120 | RESTART FUEL ENRICH Vs INITIAL FUEL ENRICH MULT,,crank_start,crank/start module,likely_required,,medium_keyword,yes,classified by label/comment keywords; validate exact usage through mod
61,CAL_$49F6,L49F2 FCB 128 ; 1.000 60 | L49F3 FCB 111 ; 0.867 80 | L49,$49F6,$4A35,64,64,0,8_bit_fcb,L49F6,L49F2 FCB 128 ; 1.000 60 | L49F3 FCB 111 ; 0.867 80 | L49F4 FCB 102,fuel,fuel math/output support,likely_required,,medium_keyword,yes,classified by label/comment keywords; validate exact usage through mod
62,CAL_$4A36,DEG C COOL,$4A36,$4A45,16,16,0,8_bit_fcb,L4A36,DEG C COOL,crank_start,crank/start module,likely_required,,medium_keyword,yes,classified by label/comment keywords; validate exact usage through mod
63,CAL_$4A46,SEC'S DEG C COOL,$4A46,$4A55,16,16,0,8_bit_fcb,L4A46,SEC'S DEG C COOL,crank_start,crank/start module,likely_required,,medium_keyword,yes,classified by label/comment keywords; validate exact usage through mod
64,CAL_$4A56,AFR DEG C COOL,$4A56,$4B16,193,193,0,8_bit_fcb,L4A56,AFR DEG C COOL,crank_start,crank/start module,likely_required,,medium_keyword,yes,classified by label/comment keywords; validate exact usage through mod
65,CAL_$4B17,Factor Deg c coolant,$4B17,$4B1F,9,9,0,8_bit_fcb,L4B17,Factor Deg c coolant,unknown,unknown,unknown,,low_unclassified,yes_if_later_used,no confident module keyword; keep listed rather than guessing
66,CAL_$4B20,AFR BPW,$4B20,$4B2F,16,16,0,8_bit_fcb,L4B20,AFR BPW,fuel,fuel math/output support,likely_required,,high_keyword,yes,classified by label/comment keywords; validate exact usage through mod
67,CAL_$4B30,AFR Deg c Coolant,$4B30,$4B48,25,25,0,8_bit_fcb,L4B30,AFR Deg c Coolant,fuel,fuel math/output support,likely_required,,medium_keyword,yes,classified by label/comment keywords; validate exact usage through mod
68,CAL_$4B49,MULT DEG C COOL,$4B49,$4B5A,18,18,0,8_bit_fcb,L4B49,MULT DEG C COOL,crank_start,crank/start module,likely_required,,medium_keyword,yes,classified by label/comment keywords; validate exact usage through mod
69,CAL_$4B5B,MSEC BPW,$4B5B,$4B63,9,9,0,8_bit_fcb,L4B5B,MSEC BPW,fuel,fuel math/output support,likely_required,,high_keyword,yes,classified by label/comment keywords; validate exact usage through mod
70,CAL_$4B64,MSEC BPW,$4B64,$4B74,17,17,0,8_bit_fcb,L4B64,MSEC BPW,fuel,fuel math/output support,likely_required,,high_keyword,yes,classified by label/comment keywords; validate exact usage through mod
71,CAL_$4B75,AD VALUE BATT,$4B75,$4B85,17,17,0,8_bit_fcb,L4B75,AD VALUE BATT,battery_voltage,voltage qualification/correction,likely_required,,high_keyword,yes,classified by label/comment keywords; validate exact usage through mod
72,CAL_$4B86,MSEC BPW,$4B86,$4B96,17,17,0,8_bit_fcb,L4B86,MSEC BPW,fuel,fuel math/output support,likely_required,,high_keyword,yes,classified by label/comment keywords; validate exact usage through mod
73,CAL_$4B97,DEG C COOL,$4B97,$4BA6,16,16,0,8_bit_fcb,L4B97,DEG C COOL,crank_start,crank/start module,likely_required,,medium_keyword,yes,classified by label/comment keywords; validate exact usage through mod
74,CAL_$4BA7,SEC'S DEG C COOL,$4BA7,$4BB6,16,16,0,8_bit_fcb,L4BA7,SEC'S DEG C COOL,crank_start,crank/start module,likely_required,,medium_keyword,yes,classified by label/comment keywords; validate exact usage through mod
75,CAL_$4BB7,AFR BPW,$4BB7,$4BD3,29,29,0,8_bit_fcb,L4BB7,AFR BPW,fuel,fuel math/output support,likely_required,,medium_keyword,yes,classified by label/comment keywords; validate exact usage through mod
76,CAL_$4BD4,TIME DEG C COOL,$4BD4,$4BE9,22,22,0,8_bit_fcb,L4BD4,TIME DEG C COOL,crank_start,crank/start module,likely_required,,medium_keyword,yes,classified by label/comment keywords; validate exact usage through mod
77,CAL_$4BEA,% TPS RPM,$4BEA,$4C03,26,26,0,8_bit_fcb,L4BEA,% TPS RPM,sensor_scaling,sensor scaling/input conditioning,likely_required,,medium_keyword,yes,classified by label/comment keywords; validate exact usage through mod
78,CAL_$4C04,% TPS MPH,$4C04,$4C25,34,34,0,8_bit_fcb,L4C04,% TPS MPH,sensor_scaling,sensor scaling/input conditioning,likely_required,,medium_keyword,yes,classified by label/comment keywords; validate exact usage through mod
79,CAL_$4C26,L4C25 FCB 4 ; 0.391 150.0 | PWR ENRICHMENT MULT vs RPM & TPS | D,$4C26,$4C52,45,45,0,8_bit_fcb,L4C26,L4C25 FCB 4 ; 0.391 150.0 | PWR ENRICHMENT MULT vs RPM & TPS | Dissassemble,fuel,fuel math/output support,likely_required,,medium_keyword,yes,classified by label/comment keywords; validate exact usage through mod
80,CAL_$4C53,L4C52 FCB 210 ; 20.5 100 | MAXIMUM POWER ENRICHMENT MULT vs RPM &,$4C53,$4C72,32,32,0,8_bit_fcb,L4C53,L4C52 FCB 210 ; 20.5 100 | MAXIMUM POWER ENRICHMENT MULT vs RPM & COOL TMP,fuel,fuel math/output support,likely_required,,medium_keyword,yes,classified by label/comment keywords; validate exact usage through mod
81,CAL_$4C73,MULT %TPS,$4C73,$4C79,7,7,0,8_bit_fcb,L4C73,MULT %TPS,sensor_scaling,sensor scaling/input conditioning,likely_required,,medium_keyword,yes,classified by label/comment keywords; validate exact usage through mod
82,CAL_$4C7A,%TPS DEG c COOL,$4C7A,$4C83,10,10,0,8_bit_fcb,L4C7A,%TPS DEG c COOL,sensor_scaling,sensor scaling/input conditioning,likely_required,,medium_keyword,yes,classified by label/comment keywords; validate exact usage through mod
83,CAL_$4C84,%TPS DEG c COOL,$4C84,$4C8D,10,10,0,8_bit_fcb,L4C84,%TPS DEG c COOL,sensor_scaling,sensor scaling/input conditioning,likely_required,,medium_keyword,yes,classified by label/comment keywords; validate exact usage through mod
84,CAL_$4C8E,%TPS DEG c COOL,$4C8E,$4C96,9,9,0,8_bit_fcb,L4C8E,%TPS DEG c COOL,sensor_scaling,sensor scaling/input conditioning,likely_required,,medium_keyword,yes,classified by label/comment keywords; validate exact usage through mod
85,CAL_$4C97,Kpa MAP DEG C COOL,$4C97,$4C9C,6,6,0,8_bit_fcb,L4C97,Kpa MAP DEG C COOL,sensor_scaling,sensor scaling/input conditioning,likely_required,,high_keyword,yes,classified by label/comment keywords; validate exact usage through mod
86,CAL_$4C9D,AFR Deg c COOL,$4C9D,$4CAD,17,17,0,8_bit_fcb,L4C9D,AFR Deg c COOL,sensor_scaling,sensor scaling/input conditioning,likely_required,,medium_keyword,yes,classified by label/comment keywords; validate exact usage through mod
87,CAL_$4CAE,AFR Deg c COOL,$4CAE,$4CBE,17,17,0,8_bit_fcb,L4CAE,AFR Deg c COOL,sensor_scaling,sensor scaling/input conditioning,likely_required,,medium_keyword,yes,classified by label/comment keywords; validate exact usage through mod
88,CAL_$4CBF,bin Deg c COOL,$4CBF,$4CCF,17,17,0,8_bit_fcb,L4CBF,bin Deg c COOL,sensor_scaling,sensor scaling/input conditioning,likely_required,,medium_keyword,yes,classified by label/comment keywords; validate exact usage through mod
89,CAL_$4CD0,MUL DRP COUNT,$4CD0,$4CE0,17,17,0,8_bit_fcb,L4CD0,MUL DRP COUNT,unknown,unknown,unknown,,low_unclassified,yes_if_later_used,no confident module keyword; keep listed rather than guessing
90,CAL_$4CE1,msec AIR FLOW,$4CE1,$4CE9,9,9,0,8_bit_fcb,L4CE1,msec AIR FLOW,egr_excluded,egr,excluded,EGR/emissions strategy excluded,high_keyword,no,excluded strategy baggage; do not feed minimal OS unless future hardwa
91,CAL_$4CEA,MAP IN KPA,$4CEA,$4CF2,9,9,0,8_bit_fcb,L4CEA,MAP IN KPA,sensor_scaling,sensor scaling/input conditioning,likely_required,,high_keyword,yes,classified by label/comment keywords; validate exact usage through mod
92,CAL_$4CF3,AFR Deg C,$4CF3,$4D03,17,17,0,8_bit_fcb,L4CF3,AFR Deg C,fuel,fuel math/output support,likely_required,,high_keyword,yes,classified by label/comment keywords; validate exact usage through mod
93,CAL_$4D04,L4D03 FCB 138 ; 13.8 128 | EGR A/F RATIO BIAS vs MAP AND AIR FLOW,$4D04,$4D27,36,36,0,8_bit_fcb,L4D04,L4D03 FCB 138 ; 13.8 128 | EGR A/F RATIO BIAS vs MAP AND AIR FLOW | 0,egr_excluded,egr,excluded,EGR/emissions strategy excluded,high_keyword,no,excluded strategy baggage; do not feed minimal OS unless future hardwa
94,CAL_$4D28,PC CNT OFFSET,$4D28,$4D38,17,17,0,8_bit_fcb,L4D28,PC CNT OFFSET,unknown,unknown,unknown,,low_unclassified,yes_if_later_used,no confident module keyword; keep listed rather than guessing
95,CAL_$4D39,PC CNT OFFSET,$4D39,$4D49,17,17,0,8_bit_fcb,L4D39,PC CNT OFFSET,unknown,unknown,unknown,,low_unclassified,yes_if_later_used,no confident module keyword; keep listed rather than guessing
96,CAL_$4D4A,PC CNT Offset,$4D4A,$4D5A,17,17,0,8_bit_fcb,L4D4A,PC CNT Offset,unknown,unknown,unknown,,low_unclassified,yes_if_later_used,no confident module keyword; keep listed rather than guessing
97,CAL_$4D5B,% TPS RPM,$4D5B,$4D6B,17,17,0,8_bit_fcb,L4D5B,% TPS RPM,sensor_scaling,sensor scaling/input conditioning,likely_required,,medium_keyword,yes,classified by label/comment keywords; validate exact usage through mod
98,CAL_$4D6C,PC CNT PERCENT TPS,$4D6C,$4D7B,16,16,0,8_bit_fcb,L4D6C,PC CNT PERCENT TPS,sensor_scaling,sensor scaling/input conditioning,likely_required,,medium_keyword,yes,classified by label/comment keywords; validate exact usage through mod
99,CAL_$4D7C,FACTOR DEG C COOL,$4D7C,$4D84,9,9,0,8_bit_fcb,L4D7C,FACTOR DEG C COOL,unknown,unknown,unknown,,low_unclassified,yes_if_later_used,no confident module keyword; keep listed rather than guessing
100,CAL_$4D85,L4D81 FCB 48 ; 0.375 70 | L4D82 FCB 48 ; 0.375 80 | L4D83 F,$4D85,$4D91,13,13,0,8_bit_fcb,L4D85,L4D81 FCB 48 ; 0.375 70 | L4D82 FCB 48 ; 0.375 80 | L4D83 FCB 48 ;,egr_excluded,egr,excluded,EGR/emissions strategy excluded,medium_keyword,no,excluded strategy baggage; do not feed minimal OS unless future hardwa
101,CAL_$4D92,L4D91 FCB 255 ; 0.996 0 | EXTRA AIR TIME DELAY FILTER COEF. | 09,$4D92,$4DC1,48,48,0,8_bit_fcb,L4D92,L4D91 FCB 255 ; 0.996 0 | EXTRA AIR TIME DELAY FILTER COEF. | 09-17-2000 Diss,fuel,fuel math/output support,likely_required,,medium_keyword,yes,classified by label/comment keywords; validate exact usage through mod
102,CAL_$4DC2,COOLANT,MAT Deg C,$4DC2,$4DCC,11,11,0,8_bit_fcb,L4DC2,COOLANT,MAT Deg C,sensor_scaling,sensor scaling/input conditioning,likely_required,,medium_keyword,yes,classified by label/comment keywords; validate exact usage through mod
103,CAL_$4DCD,DRP'S DEG C COOL,$4DCD,$4DDD,17,17,0,8_bit_fcb,L4DCD,DRP'S DEG C COOL,unknown,unknown,unknown,,low_unclassified,yes_if_later_used,no confident module keyword; keep listed rather than guessing
104,CAL_$4DDE,TIME BLM CELL,$4DDE,$4DE8,11,11,0,8_bit_fcb,L4DDE,TIME BLM CELL,fuel,fuel math/output support,likely_required,,medium_keyword,yes,classified by label/comment keywords; validate exact usage through mod
105,CAL_$4DE9,FACTOR PCNTS,$4DE9,$4DFD,21,21,0,8_bit_fcb,L4DE9,FACTOR PCNTS,fuel,fuel math/output support,likely_required,,medium_keyword,yes,classified by label/comment keywords; validate exact usage through mod
106,CAL_$4DFE,FACTOR PCNTS,$4DFE,$4E12,21,21,0,8_bit_fcb,L4DFE,FACTOR PCNTS,fuel,fuel math/output support,likely_required,,medium_keyword,yes,classified by label/comment keywords; validate exact usage through mod
107,CAL_$4E13,FACTOR PCNTS,$4E13,$4E1D,11,11,0,8_bit_fcb,L4E13,FACTOR PCNTS,fuel,fuel math/output support,likely_required,,medium_keyword,yes,classified by label/comment keywords; validate exact usage through mod
108,CAL_$4E1E,MULT DRP'S,$4E1E,$4E25,8,8,0,8_bit_fcb,L4E1E,MULT DRP'S,unknown,unknown,unknown,,low_unclassified,yes_if_later_used,no confident module keyword; keep listed rather than guessing
109,CAL_$4E26,MULT DRP'S,$4E26,$4E91,108,108,0,8_bit_fcb,L4E26,MULT DRP'S,egr_excluded,egr,excluded,EGR/emissions strategy excluded,medium_keyword,no,excluded strategy baggage; do not feed minimal OS unless future hardwa
110,CAL_$4E92,IAC POSITION Deg C COOLANT,$4E92,$4EA0,15,15,0,8_bit_fcb,L4E92,IAC POSITION Deg C COOLANT,iac_idle,IAC/idle-air module,bench_gated,,high_keyword,yes,classified by label/comment keywords; validate exact usage through mod
111,CAL_$4EA1,STEPS RPM,$4EA1,$4EA9,9,9,0,8_bit_fcb,L4EA1,STEPS RPM,iac_idle,IAC/idle-air module,bench_gated,,high_keyword,yes,classified by label/comment keywords; validate exact usage through mod
112,CAL_$4EAA,STEPS RPM ERROR,$4EAA,$4EB0,7,7,0,8_bit_fcb,L4EAA,STEPS RPM ERROR,iac_idle,IAC/idle-air module,bench_gated,,high_keyword,yes,classified by label/comment keywords; validate exact usage through mod
113,CAL_$4EB1,L4EB0 FCB 145 ; 145 STEPS IAC PARK DOWN | IAC CALIBRATIONS | T,$4EB1,$4EB5,5,5,0,8_bit_fcb,L4EB1,L4EB0 FCB 145 ; 145 STEPS IAC PARK DOWN | IAC CALIBRATIONS | Type 31 L19,iac_idle,IAC/idle-air module,bench_gated,,high_keyword,yes,classified by label/comment keywords; validate exact usage through mod
114,CAL_$4EB6,Volts,$4EB6,$4EB6,1,1,0,8_bit_fcb,L4EB6,Volts,battery_voltage,voltage qualification/correction,likely_required,,medium_keyword,yes,classified by label/comment keywords; validate exact usage through mod
115,CAL_$4EB7,VE Valu Kpa MAP,$4EB7,$4EC1,11,11,0,8_bit_fcb,L4EB7,VE Valu Kpa MAP,fuel,fuel math/output support,likely_required,,high_keyword,yes,classified by label/comment keywords; validate exact usage through mod
116,CAL_$4EC2,VE VAL RPM,$4EC2,$4EC9,8,8,0,8_bit_fcb,L4EC2,VE VAL RPM,fuel,fuel math/output support,likely_required,,high_keyword,yes,classified by label/comment keywords; validate exact usage through mod
117,CAL_$4ECA,L4EC9 FCB 54 ; 93.8 6400 | LEFT/RIGHT VE MULTIPLIER TABLE | T,$4ECA,$4F01,56,56,0,8_bit_fcb,L4ECA,L4EC9 FCB 54 ; 93.8 6400 | LEFT/RIGHT VE MULTIPLIER TABLE | TBL = 256 * ,fuel,fuel math/output support,likely_required,,medium_keyword,yes,classified by label/comment keywords; validate exact usage through mod
118,CAL_$4F02,Sec's Deg c,$4F02,$4F31,48,48,0,8_bit_fcb,L4F02,Sec's Deg c,trans_excluded,trans,excluded,transmission strategy excluded unless hardware-req,medium_keyword,no,excluded strategy baggage; do not feed minimal OS unless future hardwa
119,CAL_$4F32,L4F2F FCB 2 ; 2 72 | L4F30 FCB 2 ; 2 80 | L4F31 FCB 2 ; ,$4F32,$4F5D,44,44,0,8_bit_fcb,L4F32,L4F2F FCB 2 ; 2 72 | L4F30 FCB 2 ; 2 80 | L4F31 FCB 2 ; 2 88 |,iac_idle,IAC/idle-air module,bench_gated,,medium_keyword,yes,classified by label/comment keywords; validate exact usage through mod
120,CAL_$4F5E,MSEC %TPS,$4F5E,$4F6D,16,16,0,8_bit_fcb,L4F5E,MSEC %TPS,sensor_scaling,sensor scaling/input conditioning,likely_required,,medium_keyword,yes,classified by label/comment keywords; validate exact usage through mod
121,CAL_$4F6E,RPM/12.5 Deg c COOL,$4F6E,$4F91,36,36,0,8_bit_fcb,L4F6E,RPM/12.5 Deg c COOL,evap_excluded,evap,excluded,EVAP/purge strategy excluded,high_keyword,no,excluded strategy baggage; do not feed minimal OS unless future hardwa
122,CAL_$4F92,GAIN RPM ERROR,$4F92,$4F9C,11,11,0,8_bit_fcb,L4F92,GAIN RPM ERROR,iac_idle,IAC/idle-air module,bench_gated,,medium_keyword,yes,classified by label/comment keywords; validate exact usage through mod
123,CAL_$4F9D,GAIN RPM ERROR,$4F9D,$4FA7,11,11,0,8_bit_fcb,L4F9D,GAIN RPM ERROR,iac_idle,IAC/idle-air module,bench_gated,,medium_keyword,yes,classified by label/comment keywords; validate exact usage through mod
124,CAL_$4FA8,GAIN RPM ERROR,$4FA8,$4FB2,11,11,0,8_bit_fcb,L4FA8,GAIN RPM ERROR,iac_idle,IAC/idle-air module,bench_gated,,medium_keyword,yes,classified by label/comment keywords; validate exact usage through mod
125,CAL_$4FB3,GAIN RPM Error,$4FB3,$4FCB,25,25,0,8_bit_fcb,L4FB3,GAIN RPM Error,iac_idle,IAC/idle-air module,bench_gated,,medium_keyword,yes,classified by label/comment keywords; validate exact usage through mod
126,CAL_$4FCC,%FLOW RPM ERROR,$4FCC,$4FD6,11,11,0,8_bit_fcb,L4FCC,%FLOW RPM ERROR,iac_idle,IAC/idle-air module,bench_gated,,medium_keyword,yes,classified by label/comment keywords; validate exact usage through mod
127,CAL_$4FD7,. %FLOW RPM ERROR,$4FD7,$4FE1,11,11,0,8_bit_fcb,L4FD7,. %FLOW RPM ERROR,unknown,unknown,unknown,,low_unclassified,yes_if_later_used,no confident module keyword; keep listed rather than guessing
128,CAL_$4FE2,%FLOW RPM ERROR,$4FE2,$4FEC,11,11,0,8_bit_fcb,L4FE2,%FLOW RPM ERROR,iac_idle,IAC/idle-air module,bench_gated,,medium_keyword,yes,classified by label/comment keywords; validate exact usage through mod
129,CAL_$4FED,%FLOW RPM ERROR,$4FED,$4FFD,17,17,0,8_bit_fcb,L4FED,%FLOW RPM ERROR,iac_idle,IAC/idle-air module,bench_gated,,medium_keyword,yes,classified by label/comment keywords; validate exact usage through mod
130,CAL_$4FFE,%FLOW RPM ERROR,$4FFE,$5016,25,25,0,8_bit_fcb,L4FFE,%FLOW RPM ERROR,iac_idle,IAC/idle-air module,bench_gated,,medium_keyword,yes,classified by label/comment keywords; validate exact usage through mod
131,CAL_$5017,RPM % FLOW,$5017,$502B,21,21,0,8_bit_fcb,L5017,RPM % FLOW,fuel,fuel math/output support,likely_required,,medium_keyword,yes,classified by label/comment keywords; validate exact usage through mod
132,CAL_$502C,RPM %TPS,$502C,$5036,11,11,0,8_bit_fcb,L502C,RPM %TPS,sensor_scaling,sensor scaling/input conditioning,likely_required,,medium_keyword,yes,classified by label/comment keywords; validate exact usage through mod
133,CAL_$5037,AFR Deg c COOL,$5037,$5041,11,11,0,8_bit_fcb,L5037,AFR Deg c COOL,fuel,fuel math/output support,likely_required,,high_keyword,yes,classified by label/comment keywords; validate exact usage through mod
134,CAL_$5042,AFR Kpa MAP,$5042,$504C,11,11,0,8_bit_fcb,L5042,AFR Kpa MAP,fuel,fuel math/output support,likely_required,,high_keyword,yes,classified by label/comment keywords; validate exact usage through mod
135,CAL_$504D,L504C FCB 159 ; 15.9 100 | MAN TRANS, FUEL TO AIR RATIOS FOR DE,$504D,$5066,26,26,0,8_bit_fcb,L504D,L504C FCB 159 ; 15.9 100 | MAN TRANS, FUEL TO AIR RATIOS FOR DECEL ENLEAN,trans_excluded,trans,excluded,transmission strategy excluded unless hardware-req,medium_keyword,no,excluded strategy baggage; do not feed minimal OS unless future hardwa
136,CAL_$5067,KPA MAP,$5067,$5071,11,11,0,8_bit_fcb,L5067,KPA MAP,sensor_scaling,sensor scaling/input conditioning,likely_required,,high_keyword,yes,classified by label/comment keywords; validate exact usage through mod
137,CAL_$5072,VE VALUE RPM,$5072,$5079,8,8,0,8_bit_fcb,L5072,VE VALUE RPM,fuel,fuel math/output support,likely_required,,high_keyword,yes,classified by label/comment keywords; validate exact usage through mod
138,CAL_$507A,L5077 FCB 72 ; 112.5 4400 | L5078 FCB 76 ; 118.8 5600 | L5079,$507A,$50AC,51,51,0,8_bit_fcb,L507A,L5077 FCB 72 ; 112.5 4400 | L5078 FCB 76 ; 118.8 5600 | L5079 FCB ,fuel,fuel math/output support,likely_required,,medium_keyword,yes,classified by label/comment keywords; validate exact usage through mod
139,CAL_$50AD,%Flow RPM,$50AD,$50E8,60,60,0,8_bit_fcb,L50AD,%Flow RPM,egr_excluded,egr,excluded,EGR/emissions strategy excluded,medium_keyword,no,excluded strategy baggage; do not feed minimal OS unless future hardwa
140,CAL_$50E9,FACTOR %TPS,$50E9,$50EE,6,6,0,8_bit_fcb,L50E9,FACTOR %TPS,egr_excluded,egr,excluded,EGR/emissions strategy excluded,medium_keyword,no,excluded strategy baggage; do not feed minimal OS unless future hardwa
141,CAL_$50EF,Gain RPM/Sec,$50EF,$50F9,11,11,0,8_bit_fcb,L50EF,Gain RPM/Sec,unknown,unknown,unknown,,low_unclassified,yes_if_later_used,no confident module keyword; keep listed rather than guessing
142,CAL_$50FA,MAP Kpa Baro,$50FA,$5109,16,16,0,8_bit_fcb,L50FA,MAP Kpa Baro,sensor_scaling,sensor scaling/input conditioning,likely_required,,high_keyword,yes,classified by label/comment keywords; validate exact usage through mod
143,CAL_$510A,FACTOR %TPS ERROR,$510A,$5124,27,27,0,8_bit_fcb,L510A,FACTOR %TPS ERROR,trans_excluded,trans,excluded,transmission strategy excluded unless hardware-req,medium_keyword,no,excluded strategy baggage; do not feed minimal OS unless future hardwa
144,CAL_$5125,FACTOR Kpa MAP,$5125,$512F,11,11,0,8_bit_fcb,L5125,FACTOR Kpa MAP,sensor_scaling,sensor scaling/input conditioning,likely_required,,high_keyword,yes,classified by label/comment keywords; validate exact usage through mod
145,CAL_$5130,VE Valu Kpa MAP,$5130,$513A,11,11,0,8_bit_fcb,L5130,VE Valu Kpa MAP,fuel,fuel math/output support,likely_required,,high_keyword,yes,classified by label/comment keywords; validate exact usage through mod
146,CAL_$513B,VE VAL RPM,$513B,$5140,6,6,0,8_bit_fcb,L513B,VE VAL RPM,fuel,fuel math/output support,likely_required,,high_keyword,yes,classified by label/comment keywords; validate exact usage through mod
147,CAL_$5141,L513E FCB 73 ; 113.5 2000 | L513F FCB 78 ; 121.9 3200 | L5140,$5141,$5150,16,16,0,8_bit_fcb,L5141,L513E FCB 73 ; 113.5 2000 | L513F FCB 78 ; 121.9 3200 | L5140 FCB ,fuel,fuel math/output support,likely_required,,medium_keyword,yes,classified by label/comment keywords; validate exact usage through mod
148,CAL_$5151,FACTOR BARO Kpa,$5151,$5163,19,19,0,8_bit_fcb,L5151,FACTOR BARO Kpa,trans_excluded,trans,excluded,transmission strategy excluded unless hardware-req,medium_keyword,no,excluded strategy baggage; do not feed minimal OS unless future hardwa
149,CAL_$5164,% FULL LD MPH,$5164,$517D,26,26,0,8_bit_fcb,L5164,% FULL LD MPH,trans_excluded,trans,excluded,transmission strategy excluded unless hardware-req,medium_keyword,no,excluded strategy baggage; do not feed minimal OS unless future hardwa
150,CAL_$517E,% FULL LD RPM,$517E,$518E,17,17,0,8_bit_fcb,L517E,% FULL LD RPM,sensor_scaling,sensor scaling/input conditioning,likely_required,,medium_keyword,yes,classified by label/comment keywords; validate exact usage through mod
151,CAL_$518F,L518D FDB 00000 ; 31.25 Hz LOWER LIMIT | $31 REMOTE BROADCAST MODE,$518F,$55F4,263,253,10,mixed_fcb_fdb,L518F,L518D FDB 00000 ; 31.25 Hz LOWER LIMIT | $31 REMOTE BROADCAST MODE | REMOTE MESSA,trans_excluded,trans,excluded,transmission strategy excluded unless hardware-req,high_keyword,no,excluded strategy baggage; do not feed minimal OS unless future hardwa
152,CAL_$55F5,L55F3 FCB 28 ; 14 | L55F4 FCB 24 ; 12 | --------- (END OF P3,$55F5,$5602,14,14,0,8_bit_fcb,L55F5,L55F3 FCB 28 ; 14 | L55F4 FCB 24 ; 12 | --------- (END OF P3 TRANS VALS) | TRA,trans_excluded,trans,excluded,transmission strategy excluded unless hardware-req,high_keyword,no,excluded strategy baggage; do not feed minimal OS unless future hardwa
153,CAL_$5603,STATE Cool deg C,$5603,$5624,34,34,0,8_bit_fcb,L5603,STATE Cool deg C,crank_start,crank/start module,likely_required,,medium_keyword,yes,classified by label/comment keywords; validate exact usage through mod
154,CAL_$5625,STATE Cool deg C,$5625,$5662,62,62,0,8_bit_fcb,L5625,STATE Cool deg C,crank_start,crank/start module,likely_required,,medium_keyword,yes,classified by label/comment keywords; validate exact usage through mod
155,CAL_$5663,STATE Cool deg C,$5663,$56AF,77,77,0,8_bit_fcb,L5663,STATE Cool deg C,crank_start,crank/start module,likely_required,,medium_keyword,yes,classified by label/comment keywords; validate exact usage through mod
156,CAL_$56B0,MPH BARO Kpa,$56B0,$56F6,71,71,0,8_bit_fcb,L56B0,MPH BARO Kpa,sensor_scaling,sensor scaling/input conditioning,likely_required,,high_keyword,yes,classified by label/comment keywords; validate exact usage through mod
157,CAL_$56F7,TCC ENAB TPS vs MAT,$56F7,$5700,10,10,0,8_bit_fcb,L56F7,TCC ENAB TPS vs MAT,trans_excluded,trans,excluded,transmission strategy excluded unless hardware-req,high_keyword,no,excluded strategy baggage; do not feed minimal OS unless future hardwa
158,CAL_$5701,MPH BARO Kpa,$5701,$5747,71,71,0,8_bit_fcb,L5701,MPH BARO Kpa,sensor_scaling,sensor scaling/input conditioning,likely_required,,high_keyword,yes,classified by label/comment keywords; validate exact usage through mod
159,CAL_$5748,TCC Release TPS vs MAT,$5748,$5751,10,10,0,8_bit_fcb,L5748,TCC Release TPS vs MAT,trans_excluded,trans,excluded,transmission strategy excluded unless hardware-req,high_keyword,no,excluded strategy baggage; do not feed minimal OS unless future hardwa
160,CAL_$5752,L5750 FCB 16 ; 50.0 68 | L5751 FCB 16 ; 50.0 80 | HOT MODE A/F,$5752,$578F,62,62,0,8_bit_fcb,L5752,L5750 FCB 16 ; 50.0 68 | L5751 FCB 16 ; 50.0 80 | HOT MODE A/F RA,fuel,fuel math/output support,likely_required,,medium_keyword,yes,classified by label/comment keywords; validate exact usage through mod
161,CAL_$5790,TPS Percent,$5790,$5794,5,5,0,8_bit_fcb,L5790,TPS Percent,sensor_scaling,sensor scaling/input conditioning,likely_required,,medium_keyword,yes,classified by label/comment keywords; validate exact usage through mod
162,CAL_$5795,Cool Deg C,$5795,$579F,11,11,0,8_bit_fcb,L5795,Cool Deg C,crank_start,crank/start module,likely_required,,medium_keyword,yes,classified by label/comment keywords; validate exact usage through mod
163,CAL_$57A0,IAC Steps,$57A0,$57AA,11,11,0,8_bit_fcb,L57A0,IAC Steps,iac_idle,IAC/idle-air module,bench_gated,,high_keyword,yes,classified by label/comment keywords; validate exact usage through mod
164,CAL_$57AB,MPH TPS,$57AB,$58CE,292,292,0,8_bit_fcb,L57AB,MPH TPS,trans_excluded,trans,excluded,transmission strategy excluded unless hardware-req,high_keyword,no,excluded strategy baggage; do not feed minimal OS unless future hardwa
165,CAL_$5961,L595E FCB 0 ; 0 14 | L595F FCB 0 ; 0 15 | L5960 FCB 0 ;,$5961,$5BCF,311,311,0,8_bit_fcb,L5961,L595E FCB 0 ; 0 14 | L595F FCB 0 ; 0 15 | L5960 FCB 0 ; 0 16 | ,trans_excluded,trans,excluded,transmission strategy excluded unless hardware-req,medium_keyword,no,excluded strategy baggage; do not feed minimal OS unless future hardwa
166,CAL_$5D00,ALL ZERO'D L5BD0 TH L5CFF | BMHM/9483 P/N 16209482 | PCM $31,$5D00,$5D3D,62,62,0,8_bit_fcb,L5D00,ALL ZERO'D L5BD0 TH L5CFF | BMHM/9483 P/N 16209482 | PCM $31 TRANSMI,trans_excluded,trans,excluded,transmission strategy excluded unless hardware-req,high_keyword,no,excluded strategy baggage; do not feed minimal OS unless future hardwa
167,CAL_$5D3E,MPH GEAR SHIFT,$5D3E,$5D43,6,6,0,8_bit_fcb,L5D3E,MPH GEAR SHIFT,trans_excluded,trans,excluded,transmission strategy excluded unless hardware-req,high_keyword,no,excluded strategy baggage; do not feed minimal OS unless future hardwa
168,CAL_$5D44,MPH GEAR SHIFT,$5D44,$5D49,6,6,0,8_bit_fcb,L5D44,MPH GEAR SHIFT,trans_excluded,trans,excluded,transmission strategy excluded unless hardware-req,high_keyword,no,excluded strategy baggage; do not feed minimal OS unless future hardwa
169,CAL_$5D4A,MPH GEAR SHIFT,$5D4A,$5D4F,6,6,0,8_bit_fcb,L5D4A,MPH GEAR SHIFT,trans_excluded,trans,excluded,transmission strategy excluded unless hardware-req,high_keyword,no,excluded strategy baggage; do not feed minimal OS unless future hardwa
170,CAL_$5D50,MPH GEAR SHIFT,$5D50,$5D55,6,6,0,8_bit_fcb,L5D50,MPH GEAR SHIFT,trans_excluded,trans,excluded,transmission strategy excluded unless hardware-req,high_keyword,no,excluded strategy baggage; do not feed minimal OS unless future hardwa
171,CAL_$5D56,RPM GEAR SHIFT,$5D56,$5D5A,5,5,0,8_bit_fcb,L5D56,RPM GEAR SHIFT,trans_excluded,trans,excluded,transmission strategy excluded unless hardware-req,high_keyword,no,excluded strategy baggage; do not feed minimal OS unless future hardwa
172,CAL_$5D5C,RPM GEAR SHIFT,$5D5C,$5D60,5,5,0,8_bit_fcb,L5D5C,RPM GEAR SHIFT,trans_excluded,trans,excluded,transmission strategy excluded unless hardware-req,high_keyword,no,excluded strategy baggage; do not feed minimal OS unless future hardwa
173,CAL_$5D62,RPM GEAR SHIFT,$5D62,$5D66,5,5,0,8_bit_fcb,L5D62,RPM GEAR SHIFT,trans_excluded,trans,excluded,transmission strategy excluded unless hardware-req,high_keyword,no,excluded strategy baggage; do not feed minimal OS unless future hardwa
174,CAL_$5D68,RPM GEAR SHIFT,$5D68,$5D6C,5,5,0,8_bit_fcb,L5D68,RPM GEAR SHIFT,trans_excluded,trans,excluded,transmission strategy excluded unless hardware-req,high_keyword,no,excluded strategy baggage; do not feed minimal OS unless future hardwa
175,CAL_$5D6E,MPH %TPS,$5D6E,$5D7E,17,17,0,8_bit_fcb,L5D6E,MPH %TPS,trans_excluded,trans,excluded,transmission strategy excluded unless hardware-req,high_keyword,no,excluded strategy baggage; do not feed minimal OS unless future hardwa
176,CAL_$5D7F,MPH %TPS,$5D7F,$5D8F,17,17,0,8_bit_fcb,L5D7F,MPH %TPS,trans_excluded,trans,excluded,transmission strategy excluded unless hardware-req,high_keyword,no,excluded strategy baggage; do not feed minimal OS unless future hardwa
177,CAL_$5D90,MPH %TPS,$5D90,$5DA0,17,17,0,8_bit_fcb,L5D90,MPH %TPS,trans_excluded,trans,excluded,transmission strategy excluded unless hardware-req,high_keyword,no,excluded strategy baggage; do not feed minimal OS unless future hardwa
178,CAL_$5DA1,MPH %TPS,$5DA1,$5DB1,17,17,0,8_bit_fcb,L5DA1,MPH %TPS,trans_excluded,trans,excluded,transmission strategy excluded unless hardware-req,high_keyword,no,excluded strategy baggage; do not feed minimal OS unless future hardwa
179,CAL_$5DB2,MPH %TPS,$5DB2,$5DC2,17,17,0,8_bit_fcb,L5DB2,MPH %TPS,trans_excluded,trans,excluded,transmission strategy excluded unless hardware-req,high_keyword,no,excluded strategy baggage; do not feed minimal OS unless future hardwa
180,CAL_$5DC3,MPH %TPS,$5DC3,$5DD3,17,17,0,8_bit_fcb,L5DC3,MPH %TPS,trans_excluded,trans,excluded,transmission strategy excluded unless hardware-req,high_keyword,no,excluded strategy baggage; do not feed minimal OS unless future hardwa
181,CAL_$5DD4,MPH %TPS,$5DD4,$5DE4,17,17,0,8_bit_fcb,L5DD4,MPH %TPS,trans_excluded,trans,excluded,transmission strategy excluded unless hardware-req,high_keyword,no,excluded strategy baggage; do not feed minimal OS unless future hardwa
182,CAL_$5DE5,MPH %TPS,$5DE5,$5DF5,17,17,0,8_bit_fcb,L5DE5,MPH %TPS,trans_excluded,trans,excluded,transmission strategy excluded unless hardware-req,high_keyword,no,excluded strategy baggage; do not feed minimal OS unless future hardwa
183,CAL_$5DF6,MPH %TPS,$5DF6,$5E06,17,17,0,8_bit_fcb,L5DF6,MPH %TPS,trans_excluded,trans,excluded,transmission strategy excluded unless hardware-req,high_keyword,no,excluded strategy baggage; do not feed minimal OS unless future hardwa
184,CAL_$5E07,MPH %TPS,$5E07,$5E17,17,17,0,8_bit_fcb,L5E07,MPH %TPS,trans_excluded,trans,excluded,transmission strategy excluded unless hardware-req,high_keyword,no,excluded strategy baggage; do not feed minimal OS unless future hardwa
185,CAL_$5E18,MPH %TPS,$5E18,$5E28,17,17,0,8_bit_fcb,L5E18,MPH %TPS,trans_excluded,trans,excluded,transmission strategy excluded unless hardware-req,high_keyword,no,excluded strategy baggage; do not feed minimal OS unless future hardwa
186,CAL_$5E29,MPH %TPS,$5E29,$5E39,17,17,0,8_bit_fcb,L5E29,MPH %TPS,trans_excluded,trans,excluded,transmission strategy excluded unless hardware-req,high_keyword,no,excluded strategy baggage; do not feed minimal OS unless future hardwa
187,CAL_$5E3A,MPH %TPS,$5E3A,$5E4A,17,17,0,8_bit_fcb,L5E3A,MPH %TPS,trans_excluded,trans,excluded,transmission strategy excluded unless hardware-req,high_keyword,no,excluded strategy baggage; do not feed minimal OS unless future hardwa
188,CAL_$5E4B,MPH %TPS,$5E4B,$5E5B,17,17,0,8_bit_fcb,L5E4B,MPH %TPS,trans_excluded,trans,excluded,transmission strategy excluded unless hardware-req,high_keyword,no,excluded strategy baggage; do not feed minimal OS unless future hardwa
189,CAL_$5E5C,MPH %TPS,$5E5C,$5E6C,17,17,0,8_bit_fcb,L5E5C,MPH %TPS,trans_excluded,trans,excluded,transmission strategy excluded unless hardware-req,high_keyword,no,excluded strategy baggage; do not feed minimal OS unless future hardwa
190,CAL_$5E6D,MPH %TPS,$5E6D,$5E7D,17,17,0,8_bit_fcb,L5E6D,MPH %TPS,trans_excluded,trans,excluded,transmission strategy excluded unless hardware-req,high_keyword,no,excluded strategy baggage; do not feed minimal OS unless future hardwa
191,CAL_$5E7E,MPH %TPS,$5E7E,$5E8E,17,17,0,8_bit_fcb,L5E7E,MPH %TPS,trans_excluded,trans,excluded,transmission strategy excluded unless hardware-req,high_keyword,no,excluded strategy baggage; do not feed minimal OS unless future hardwa
192,CAL_$5E8F,MPH TPS,$5E8F,$5E9F,17,17,0,8_bit_fcb,L5E8F,MPH TPS,trans_excluded,trans,excluded,transmission strategy excluded unless hardware-req,high_keyword,no,excluded strategy baggage; do not feed minimal OS unless future hardwa
193,CAL_$5EA0,MPH TPS,$5EA0,$5EB0,17,17,0,8_bit_fcb,L5EA0,MPH TPS,trans_excluded,trans,excluded,transmission strategy excluded unless hardware-req,high_keyword,no,excluded strategy baggage; do not feed minimal OS unless future hardwa
194,CAL_$5EB1,MPH TPS,$5EB1,$5EC1,17,17,0,8_bit_fcb,L5EB1,MPH TPS,trans_excluded,trans,excluded,transmission strategy excluded unless hardware-req,high_keyword,no,excluded strategy baggage; do not feed minimal OS unless future hardwa
195,CAL_$5EB1,MPH TPS,$5EC2,$5F2F,110,110,0,8_bit_fcb,L5EC2,MPH TPS,trans_excluded,trans,excluded,transmission strategy excluded unless hardware-req,high_keyword,no,excluded strategy baggage; do not feed minimal OS unless future hardwa
196,CAL_$5F30,POWER ENRICH MOD | FORCE MOTOR vs XMISH RPM (ENGINE SPEED) |,$5F30,$5F40,17,17,0,8_bit_fcb,L5F30,POWER ENRICH MOD | FORCE MOTOR vs XMISH RPM (ENGINE SPEED) | LINE PRES,fuel,fuel math/output support,likely_required,,medium_keyword,yes,classified by label/comment keywords; validate exact usage through mod
197,CAL_$5F41,L5F3F FCB 128 ; 0.0 7680 | L5F40 FCB 128 ; 0.0 8192 | MAT TE,$5F41,$5FB7,119,119,0,8_bit_fcb,L5F41,L5F3F FCB 128 ; 0.0 7680 | L5F40 FCB 128 ; 0.0 8192 | MAT TEMP OFFSET ,sensor_scaling,sensor scaling/input conditioning,likely_required,,medium_keyword,yes,classified by label/comment keywords; validate exact usage through mod
198,CAL_$5FB8,L5FB6 FCB 75 ; | L5FB7 FCB 75 ; | GARAGE SHIFT PSI P/N | 09-,$5FB8,$6042,139,139,0,8_bit_fcb,L5FB8,L5FB6 FCB 75 ; | L5FB7 FCB 75 ; | GARAGE SHIFT PSI P/N | 09-20-2000 Di,trans_excluded,trans,excluded,transmission strategy excluded unless hardware-req,high_keyword,no,excluded strategy baggage; do not feed minimal OS unless future hardwa
199,CAL_$6043,L6041 FCB 25 ; 25 15 | L6042 FCB 25 ; 25 16 | GARAGE SHIFT P,$6043,$60CD,139,139,0,8_bit_fcb,L6043,L6041 FCB 25 ; 25 15 | L6042 FCB 25 ; 25 16 | GARAGE SHIFT PSI REV | 0,trans_excluded,trans,excluded,transmission strategy excluded unless hardware-req,high_keyword,no,excluded strategy baggage; do not feed minimal OS unless future hardwa
200,CAL_$60CE,L60CC FCB 1 ; 1 15 | L60CD FCB 1 ; 1 16 | FILE VEH SPD | 09-,$60CE,$6125,88,88,0,8_bit_fcb,L60CE,L60CC FCB 1 ; 1 15 | L60CD FCB 1 ; 1 16 | FILE VEH SPD | 09-20-2000 Di,unknown,unknown,unknown,,low_unclassified,yes_if_later_used,no confident module keyword; keep listed rather than guessing
201,CAL_$6126,L6123 FCB 128 ; 1.000 2 | L6124 FCB 128 ; 1.000 3 | L6125 FC,$6126,$6154,47,47,0,8_bit_fcb,L6126,L6123 FCB 128 ; 1.000 2 | L6124 FCB 128 ; 1.000 3 | L6125 FCB 128 ; 1.,unknown,unknown,unknown,,low_unclassified,yes_if_later_used,no confident module keyword; keep listed rather than guessing
202,CAL_$6155,L6152 FCB 128 ; 1.000 8 | L6153 FCB 128 ; 1.000 9 | L6154 FC,$6155,$6183,47,47,0,8_bit_fcb,L6155,L6152 FCB 128 ; 1.000 8 | L6153 FCB 128 ; 1.000 9 | L6154 FCB 138 ; 1.,unknown,unknown,unknown,,low_unclassified,yes_if_later_used,no confident module keyword; keep listed rather than guessing
203,CAL_$6184,L6181 FCB 128 ; 1.000 8 | L6182 FCB 128 ; 1.000 9 | L6183 FC,$6184,$61B2,47,47,0,8_bit_fcb,L6184,L6181 FCB 128 ; 1.000 8 | L6182 FCB 128 ; 1.000 9 | L6183 FCB 138 ; 1.,unknown,unknown,unknown,,low_unclassified,yes_if_later_used,no confident module keyword; keep listed rather than guessing
204,CAL_$61B3,L61B2 FCB 138 ; 1.078 10 | MAIN LINE PRESS TBL vs MPH vs %TP,$61B3,$62D6,292,292,0,8_bit_fcb,L61B3,L61B2 FCB 138 ; 1.078 10 | MAIN LINE PRESS TBL vs MPH vs %TPS | 0-64 M,sensor_scaling,sensor scaling/input conditioning,likely_required,,high_keyword,yes,classified by label/comment keywords; validate exact usage through mod
205,CAL_$62D7,L62D5 FCB 58 ; 58 60 | L62D6 FCB 58 ; 58 64 | 64 - 128 MPH M,$62D7,$63FA,292,292,0,8_bit_fcb,L62D7,L62D5 FCB 58 ; 58 60 | L62D6 FCB 58 ; 58 64 | 64 - 128 MPH MAIN LINE P,sensor_scaling,sensor scaling/input conditioning,likely_required,,high_keyword,yes,classified by label/comment keywords; validate exact usage through mod
206,CAL_$62D7,L63F8 FCB 58 ; 58 120 | L63F9 FCB 58 ; 58 124 | L63FA FCB 58,$62D7,$63FA,292,292,0,8_bit_fcb,L62D7,L63F8 FCB 58 ; 58 120 | L63F9 FCB 58 ; 58 124 | L63FA FCB 58 ; 58 128 ,unknown,unknown,unknown,,low_unclassified,yes_if_later_used,no confident module keyword; keep listed rather than guessing
207,CAL_$63FB,L63F9 FCB 58 ; 58 15 | L63FA FCB 58 ; 58 16 | MANUAL MODE LI,$63FB,$651E,292,292,0,8_bit_fcb,L63FB,L63F9 FCB 58 ; 58 15 | L63FA FCB 58 ; 58 16 | MANUAL MODE LINE PRESS 0,sensor_scaling,sensor scaling/input conditioning,likely_required,,high_keyword,yes,classified by label/comment keywords; validate exact usage through mod
208,CAL_$651F,L651D FCB 255 ; 255 60 | L651E FCB 255 ; 255 64 | MANUAL MOD,$651F,$6642,292,292,0,8_bit_fcb,L651F,L651D FCB 255 ; 255 60 | L651E FCB 255 ; 255 64 | MANUAL MODE LINE PRE,unknown,unknown,unknown,,low_unclassified,yes_if_later_used,no confident module keyword; keep listed rather than guessing
209,CAL_$6643,PSI Mod %TPS,$6643,$6653,17,17,0,8_bit_fcb,L6643,PSI Mod %TPS,trans_excluded,trans,excluded,transmission strategy excluded unless hardware-req,high_keyword,no,excluded strategy baggage; do not feed minimal OS unless future hardwa
210,CAL_$6654,PSI Mod %TPS,$6654,$6664,17,17,0,8_bit_fcb,L6654,PSI Mod %TPS,trans_excluded,trans,excluded,transmission strategy excluded unless hardware-req,high_keyword,no,excluded strategy baggage; do not feed minimal OS unless future hardwa
211,CAL_$6665,PSI Mod %TPS,$6665,$6675,17,17,0,8_bit_fcb,L6665,PSI Mod %TPS,trans_excluded,trans,excluded,transmission strategy excluded unless hardware-req,high_keyword,no,excluded strategy baggage; do not feed minimal OS unless future hardwa
212,CAL_$6676,L6673 FCB 143 ; 15 87.5 | L6674 FCB 143 ; 15 93.8 | L6675 FC,$6676,$66DB,102,102,0,8_bit_fcb,L6676,L6673 FCB 143 ; 15 87.5 | L6674 FCB 143 ; 15 93.8 | L6675 FCB 143 ; 15,unknown,unknown,unknown,,low_unclassified,yes_if_later_used,no confident module keyword; keep listed rather than guessing
213,CAL_$66DC,L66D9 FCB 255 ; | L66DA FCB 255 ; | L66DB FCB 255 ; | DOWN S,$66DC,$66DE,3,3,0,8_bit_fcb,L66DC,L66D9 FCB 255 ; | L66DA FCB 255 ; | L66DB FCB 255 ; | DOWN SHIFT PRESS,trans_excluded,trans,excluded,transmission strategy excluded unless hardware-req,high_keyword,no,excluded strategy baggage; do not feed minimal OS unless future hardwa
214,CAL_$66DF,PSI Mod MPH,$66DF,$66EF,17,17,0,8_bit_fcb,L66DF,PSI Mod MPH,trans_excluded,trans,excluded,transmission strategy excluded unless hardware-req,high_keyword,no,excluded strategy baggage; do not feed minimal OS unless future hardwa
215,CAL_$66F0,L66EB FCB 118 ; -10 48 | L66EC FCB 118 ; -10 52 | L66ED FCB ,$66F0,$66F2,3,3,0,8_bit_fcb,L66F0,L66EB FCB 118 ; -10 48 | L66EC FCB 118 ; -10 52 | L66ED FCB 118 ; -10 ,unknown,unknown,unknown,,low_unclassified,yes_if_later_used,no confident module keyword; keep listed rather than guessing
216,CAL_$66F3,PSI Mod MPH,$66F3,$6703,17,17,0,8_bit_fcb,L66F3,PSI Mod MPH,trans_excluded,trans,excluded,transmission strategy excluded unless hardware-req,high_keyword,no,excluded strategy baggage; do not feed minimal OS unless future hardwa
217,CAL_$6704,L66FF FCB 128 ; 0 48 | L6700 FCB 128 ; 0 52 | L6701 FCB 128 ,$6704,$6706,3,3,0,8_bit_fcb,L6704,L66FF FCB 128 ; 0 48 | L6700 FCB 128 ; 0 52 | L6701 FCB 128 ; 0 56 | L,unknown,unknown,unknown,,low_unclassified,yes_if_later_used,no confident module keyword; keep listed rather than guessing
218,CAL_$6707,PSI Mod MPH,$6707,$6AF9,1011,1011,0,8_bit_fcb,L6707,PSI Mod MPH,trans_excluded,trans,excluded,transmission strategy excluded unless hardware-req,high_keyword,no,excluded strategy baggage; do not feed minimal OS unless future hardwa
219,CAL_$6AFA,MPH %TPS,$6AFA,$6B0A,17,17,0,8_bit_fcb,L6AFA,MPH %TPS,trans_excluded,trans,excluded,transmission strategy excluded unless hardware-req,high_keyword,no,excluded strategy baggage; do not feed minimal OS unless future hardwa
220,CAL_$6B0B,MPH %TPS,$6B0B,$6B1B,17,17,0,8_bit_fcb,L6B0B,MPH %TPS,trans_excluded,trans,excluded,transmission strategy excluded unless hardware-req,high_keyword,no,excluded strategy baggage; do not feed minimal OS unless future hardwa
221,CAL_$6B1C,MPH %TPS,$6B1C,$6BC5,170,170,0,8_bit_fcb,L6B1C,MPH %TPS,trans_excluded,trans,excluded,transmission strategy excluded unless hardware-req,high_keyword,no,excluded strategy baggage; do not feed minimal OS unless future hardwa
222,CAL_$6BC6,MPH %TPS,$6BC6,$6BD6,17,17,0,8_bit_fcb,L6BC6,MPH %TPS,trans_excluded,trans,excluded,transmission strategy excluded unless hardware-req,high_keyword,no,excluded strategy baggage; do not feed minimal OS unless future hardwa
223,CAL_$6BD7,MPH %TPS,$6BD7,$6BE7,17,17,0,8_bit_fcb,L6BD7,MPH %TPS,trans_excluded,trans,excluded,transmission strategy excluded unless hardware-req,high_keyword,no,excluded strategy baggage; do not feed minimal OS unless future hardwa
224,CAL_$6BE8,MPH %TPS,$6BE8,$6BF8,17,17,0,8_bit_fcb,L6BE8,MPH %TPS,trans_excluded,trans,excluded,transmission strategy excluded unless hardware-req,high_keyword,no,excluded strategy baggage; do not feed minimal OS unless future hardwa
225,CAL_$6BF9,L6BF4 FCB 116 ; 58 75.0 | L6BF5 FCB 116 ; 58 81.3 | L6BF6 FC,$6BF9,$6E58,608,608,0,8_bit_fcb,L6BF9,L6BF4 FCB 116 ; 58 75.0 | L6BF5 FCB 116 ; 58 81.3 | L6BF6 FCB 116 ; 58,unknown,unknown,unknown,,low_unclassified,yes_if_later_used,no confident module keyword; keep listed rather than guessing
226,CAL_$6E59,L6E56 FCB 100 ; | L6E57 FCB 70 ; | L6E58 FCB 110 ; | 09-20-2,$6E59,$70FF,679,679,0,8_bit_fcb,L6E59,L6E56 FCB 100 ; | L6E57 FCB 70 ; | L6E58 FCB 110 ; | 09-20-2000 Dissas,unknown,unknown,unknown,,low_unclassified,yes_if_later_used,no confident module keyword; keep listed rather than guessing
