stage,pc,mnemonic,operands,state_before,direction_bit,state_after,ab_bits_before,ab_bits_after,actual_count_delta,l004c_shadow_update,l3062_write,candidate_role,physical_direction_pending,confidence,notes
actual_desired_compare,0x91C2-0x91C6,LDAA/CMPA/BNE,L0007 / L0008 / L91CC,any,unchanged if equal,hold if actual == desired,L000A bits2/3,held,0 if equal,refreshed later from L000A bits2/3,via LF400 latch service,desired_actual_compare,yes,high_static,L0007 actual is compared against L0008 desired before any phase change
direction0_count_update,0x91D4-0x91DD,ANDB/BRSET/INCA,#$FE / L000A,#$01 / INCA,actual < desired,0,phase ring advances if direction already matched,current L000A bits2/3,next direction0 state,+1 after direction matched; 0 on first reversal,yes after phase update,later full-byte latch,direction0_step_candidate,open_or_close_pending,high_static,count-positive direction is source-proven but physical open/close is bench-gated
direction1_count_update,0x91DF-0x91E6,ORAB/BRCLR/DECA/STAA,"#$01 / L000A,#$01 / DECA / L0007",actual > desired,1,phase ring reverses if direction already matched,current L000A bits2/3,next direction1 state,-1 after direction matched; 0 on first reversal,yes after phase update,later full-byte latch,direction1_step_candidate,open_or_close_pending,high_static,count-negative direction is source-proven but physical open/close is bench-gated
dir0_none_to_a,0x91E8-0x91FA,BRCLR/BITB/EORB,L000A,#$0C / #$01 / #$04,none,0,A candidate,0x00,0x04,+1 after direction matched,bits2/3 become 0x04,bits2/3 candidate later become 0x04,iac_phase_ring_forward,bit2_physical_A_pending,high_static,direction bit0 clear toggles bit2 from no-coil state
dir0_a_to_ab,0x91E8-0x91FA,BITB/EORB,#$01 / #$08,A candidate,0,A+B candidate,0x04,0x0C,+1,bits2/3 become 0x0C,bits2/3 candidate later become 0x0C,iac_phase_ring_forward,bit2_bit3_physical_order_pending,high_static,"one-bit intermediate transition is in CPU register/RAM before shadow commit, not direct hardware BSET/BCLR"
dir0_ab_to_b,0x91E8-0x91FA,BRSET/BITB/EORB,L000A,#$0C / #$01 / #$04,A+B candidate,0,B candidate,0x0C,0x08,+1,bits2/3 become 0x08,bits2/3 candidate later become 0x08,iac_phase_ring_forward,bit3_physical_B_pending,high_static,both-on state transitions by toggling bit2 in direction0 path
dir0_b_to_none,0x91E8-0x91FE,BITB/EORB,#$01 / #$08,B candidate,0,none,0x08,0x00,+1,bits2/3 become 0x00,bits2/3 candidate later become 0x00,iac_phase_ring_forward,yes,high_static,completes direction0 four-state ring
dir1_none_to_b,0x91E8-0x91FE,BRCLR/BITB/EORB,L000A,#$0C / #$01 / #$08,none,1,B candidate,0x00,0x08,-1 after direction matched,bits2/3 become 0x08,bits2/3 candidate later become 0x08,iac_phase_ring_reverse,bit3_physical_B_pending,high_static,direction bit0 set chooses the opposite neighbor from no-coil state
dir1_b_to_ab,0x91E8-0x91FA,BITB/EORB,#$01 / #$04,B candidate,1,A+B candidate,0x08,0x0C,-1,bits2/3 become 0x0C,bits2/3 candidate later become 0x0C,iac_phase_ring_reverse,bit_order_pending,high_static,reverse ring enters both-on state from B candidate
dir1_ab_to_a,0x91E8-0x91FE,BRSET/BITB/EORB,L000A,#$0C / #$01 / #$08,A+B candidate,1,A candidate,0x0C,0x04,-1,bits2/3 become 0x04,bits2/3 candidate later become 0x04,iac_phase_ring_reverse,bit2_physical_A_pending,high_static,both-on state transitions by toggling bit3 in direction1 path
dir1_a_to_none,0x91E8-0x91FA,BITB/EORB,#$01 / #$04,A candidate,1,none,0x04,0x00,-1,bits2/3 become 0x00,bits2/3 candidate later become 0x00,iac_phase_ring_reverse,yes,high_static,completes direction1 four-state ring
shadow_to_latch,0x9203-0x920A;0xF40F-0xF411,ANDA/ANDB/ABA/STAA;LDAA/STAA,#$E3/#$1C/L004C; L004C/L3062,new L000A bits2/3,not output directly,L004C bits2/3 then L3062 bits2/3 candidate,new L000A bits2/3,L004C/L3062 bits2/3 candidate,already applied before latch update,masked full-field update,full-byte write,phase_latch_atomicity,hardware pin mapping pending,high_static_for_source_medium_for_physical_pins,normal source path does not use direct hardware BSET/BCLR for A/B phase bits
