stage,pc,mnemonic,operands,symbol,address,read_or_write,bitmask,value_source,routine_label,enable_context,candidate_role,enable_condition,disable_condition,voltage_gate_candidate,fault_gate_candidate,test_reset_candidate,required_for_minimal_os,confidence,notes
load_enable_mode_byte,0x91A3,LDAB,L000A,L000A bit4,0x000A,read,0x10,IAC mode/output state byte,L91A3,IAC output update entry,iac_enable_bit,preserved until voltage/status gate decides,may be cleared by voltage/setup gates,pending next rows,pending,pending,yes,high_static,bit4 is carried in the same mode byte as IAC direction and A/B phase bits
load_battery_voltage,0x91A5,LDAA,L00A7,L00A7,0x00A7,read,,"BAT VOLTS, VDC/10",L91A3,voltage gate input,iac_voltage_sufficient_gate,voltage value loaded for comparison,out-of-range voltage branches clear/skip enable,battery voltage source proven: L00A7,not_fault,not_reset,yes,high_static,"source comment identifies L00A7 as BAT VOLTS, VDC/10"
high_voltage_threshold,0x91A7-0x91AD,CMPA/BLS/ANDB/BRA,#169 / L91AF / #$EF / L91B8,L000A bit4,0x000A,clear_candidate,0x10 clear via 0xEF,L00A7 battery volts compared with #169,L91A3,high-voltage protection gate,iac_enable_clear,L00A7 <= 169 continues to normal gate,L00A7 > 169 clears bit4 and sets low-battery/protection flag path,16.9 V upper/invalid threshold candidate,driver protection candidate,not_reset,yes,high_static,"#169 is explicitly commented 16.9 VDC; ANDB #$EF clears the 0x10 Enable candidate"
ignition_off_bypass_gate,0x91AF,BRSET,"L0044,#$10,L91BD",L0044 bit4,0x0044,read_bit,0x10,IGNITION OFF flag/comment,L91A3,startup/shutdown mode gate,iac_enable_set,L0044 bit4 set branches to enable/good path,"if not set, low-voltage threshold L4EB6 is checked",secondary gate follows,not_fault,startup_shutdown_candidate,yes,medium_static,"source comment says ignition off; behavior may support shutdown/park conditions, not normal run only"
low_voltage_threshold,0x91B3-0x91B8,CMPA/BHI/BSET,"L4EB6 / L91BD / L003E,#$04",L4EB6; L003E bit2,calibration; 0x003E,read_compare_then_set_flag,0x04,L00A7 battery volts compared with low threshold L4EB6,L91A3,low-voltage disable/protection gate,iac_voltage_low_disable,L00A7 > L4EB6 branches to good path and sets Enable,L00A7 <= L4EB6 sets L003E bit2 low battery and skips ORAB #$10,low-voltage threshold candidate,low battery flag L003E bit2,not_reset,yes,high_static,"low-voltage path does not explicitly clear bit4 here unless already clear; it skips setting Enable and commits current B at L9200"
good_voltage_enable_set,0x91BD-0x91C0,BCLR/ORAB,"L003E,#$04 / #$10",L000A bit4; L003E bit2,0x000A; 0x003E,set_candidate,0x10 set; 0x04 clear,good voltage/status path,L91A3,enable asserted path,iac_enable_set,voltage/status gate passes,not applicable in this row,voltage sufficient,clears low battery flag,not_reset,yes,high_static,ORAB #$10 sets the Enable candidate before desired/actual/phase logic proceeds
no_step_enable_refresh,0x91C2-0x91CA,LDAA/CMPA/BNE/ANDB/BRA,L0007 / L0008 / L91CC / #$FE / L9200,L000A bit4,0x000A,preserve,0x10 preserved,B after enable gate,L91A3,desired==actual/no-step path,iac_enable_bit,Enable remains set if voltage/status gate passed,no-step does not clear Enable,already decided before compare,not_fault,not_reset,yes,high_static,desired==actual clears direction bit0 only; bit4 remains governed by earlier enable gate
mode_byte_commit,0x9200,STAB,L000A,L000A bit4,0x000A,write,0x10,B after voltage/status/phase logic,L91A3,mode byte commit,iac_enable_bit,committed if set in B,committed clear if cleared/skipped,yes,yes via L003E bit2 and setup path,possible via L93C5 setup clear,yes,high_static,Enable is stored with direction and A/B phase state in L000A
shadow_field_update,0x9203-0x920A,LDAA/ANDA/ANDB/ABA/STAA,L004C / #$E3 / #$1C / L004C,L004C bit4,0x004C,write_shadow,0x10 within 0x1C field,L000A bits2/3/4 inserted into L004C bits2/3/4,L91A3,output shadow update,iac_output_shadow_update,L000A bit4 copied into L004C bit4,cleared L000A bit4 clears L004C bit4,already resolved into L000A,reflected in shadow,reflected in shadow,yes,high_static,Enable is updated atomically with A/B shadow field bits2/3/4
hardware_latch_write,0xF40F-0xF411,LDAA/STAA,L004C / L3062,L3062 bit4 candidate,0x3062,write_latch,0x10 candidate,L004C output shadow,LF400,board output latch service,iac_latch_write,physical bit4 follows L004C bit4 if mapping is correct,physical bit4 clears with L004C bit4 if mapping is correct,reflected through L004C,reflected through L004C,reflected through L004C,yes_bench_pin_mapping_pending,high_static_for_latch_write_medium_for_physical_enable,bench must confirm L3062 bit4 is the physical IAC Enable input
bad_shutdown_setup_clear,0x9272-0x927B;0x93C5-0x93CD,BRSET/JSR/LDAA/ANDA/STAA,"L0004,#$08,L927B / L93C5 / L000A / #$0C / L000A",L000A bit4,0x000A,clear_candidate,0x10 cleared by ANDA #$0C,bad shutdown/setup path if IAC reset not in work,L925E/L93C5,startup/setup clear path,iac_reset_disable,not enabled by this path,"if L0009 bit0 clear, L000A is reduced to A/B bits only, clearing Enable and direction",not_voltage,bad shutdown candidate L0004 bit3,startup/reset/setup path,yes_for_init_policy,high_static,L93C5 preserves bits2/3 and clears bit4; called from bad-shutdown setup path
