module,status,source_contract,runtime_inputs,runtime_outputs,state_owned,hardware_registers,required_static,bench_gated,not_yet_mapped,forbidden_until_proven,risk_if_wrong,next_contract,notes
RESET_INIT,partial_static,EFI_OUTPUT_INIT_ROUTINE; SPARK_INIT_STATE; ASIC_HARDWARE_REGISTER_CONTRACT,reset vector; power-on state; hardware register relocation needs; ASIC window state,HC11 register relocation; stack; ASIC clear/default state; output-safe defaults; SCI/ALDL base state; watchdog base state,init phase state; output safe defaults; boot sequencing flags,$3FC0-$3FF8 clear window candidate; HC11 INIT/register block; watchdog/SPI/SCI registers pending full contract,HC11 relocation; stack; safe defaults; ASIC/window clear candidate,ASIC init side effects; required $3FCC/$3FEA EFI output state; spark $3FF6/$3FDC first seed; exact watchdog service needs,complete watchdog/reset service; SCI/ALDL init contract; all global ASIC mode bits,do not add random GM mode-word baggage; do not assume $3FCC/$3FEA mandatory runtime fuel companions,"wrong init can leave outputs enabled, disable ASIC handoff, corrupt spark first event, or trip watchdog/reset",WATCHDOG_SAFE_STATE_CONTRACT or ALDL_DEBUG_CONTRACT after IAC,"reset/init is the owner of one-time hardware state, not per-event fuel/spark math"
SENSOR_ACQUIRE,planned_not_fully_contracted,STATIC_ANALYSIS_SUMMARY; VARIABLE_DEPENDENCY_GRAPH; CALIBRATION_LAYOUT,MAP; TPS; CTS; O2; battery voltage; REF/DRP period; optional MAT if retained,filtered sensor values; plausibility/default flags; battery correction inputs; RPM/load basis,raw ADC values; filtered values; default/fault flags; sensor update cadence,ADC/input ASIC registers pending focused contract,"sensor values needed by fuel, spark, idle, and correction logic",ADC register addresses; scaling; update cadence; default behavior,focused ADC/sensor hardware contract,do not copy full GM diagnostic strategy unless hardware-required,"bad sensor acquisition corrupts fuel/spark/idle decisions and safe-state behavior",SENSOR_ADC_INPUT_CONTRACT,sensor acquisition should be separated from output control modules
REF_RPM_PERIOD,partial_static,SPARK_TIMEBASE_PERIOD_CONTRACT; SPARK_BYPASS_EST_TRANSITION; SPARK_INIT_STATE,REF/DRP input; ASIC period/capture values; first/recent DRP latches,RPM; period basis L005F/L0060; first DRP valid; recent DRP valid; run qualification inputs,L3FC0 source interpretation; L005F/L0060 period basis; first/recent DRP state; qualifying event count L0210,$3FC0; $3FCA; related ASIC capture/status registers pending bench,valid period basis before fuel/spark runtime decisions; run qualification inputs,physical period unit; L3FC0 anchor meaning; missing-ref/dropout behavior; exact event latches,complete REF ISR/capture contract,do not allow spark EST authority without valid REF/DRP period,"wild spark timing, bad RPM/load state, false run qualification, unsafe dropout behavior",REF_RPM_PERIOD_CONTRACT,this module feeds both spark conversion and run/bypass authority
FUEL_OUTPUT,static_ready_bench_pending,EFI_PW_3FCE_CONTRACT; EFI_PW_UNITS; EFI_OUTPUT_COMPANION_REGISTERS; EFI_OUTPUT_INIT_STATE; MINIMAL_EFI_PW_WRITER; EFI_OUTPUT_INIT_ROUTINE,final EFI pulsewidth command in 1/65536-second units; fuel enable/no-fuel state; EFI output init state,STD $3FCE runtime EFI pulsewidth handoff; zero/off command candidate,EFI_OUTPUT_INIT state; runtime pulsewidth command boundary only,$3FCE/$3FCF; possible init-only $3FCC/$3FEA; ASIC clear window,"EFI_PW_WRITE: D -> STD $3FCE; counts = seconds * 65536",$3FCE controls injector PW; zero command behavior; whether companion init is required; Path A vs Path A-with-init,"full fuel math, injector correction, AE/PE/DFCO strategy inputs",do not add per-pulse $3FCC/$3FEA companions unless bench proves runtime need,"wrong fuel pulsewidth, injectors stuck on/off, no fuel during crank/run, unsafe rich/lean output",FUEL_MATH_MODULE_BOUNDARY after hardware outputs are bench-proven,fuel output has the cleanest runtime writer candidate in the project so far
SPARK_OUTPUT,boundary_only_no_asm,SPARK_MINIMAL_MODULE_BOUNDARY; SPARK_CONVERSION_EQUATION; SPARK_LA906_OUTPUT_SEQUENCE; SPARK_ROLLING_STATE_MODEL; SPARK_INIT_STATE; SPARK_BYPASS_EST_TRANSITION; SPARK_EST_FAULT_MONITOR_CONTRACT; source/minimal_os/spark/README.md,desired spark degrees; REF/DRP period; run qualification; bypass/EST state; L0201 latency; L3FC0 anchor; rolling state $3FF6/$3FDC/L01EC,$3FE8/$3FE6 paired timing writes; $3FF6/$3FDC rolling updates; possible $3FEC->$3FE4 mirror; EST authority permission,run qualify; bypass/EST authority; degree-to-time conversion; rolling state; ASIC handoff; optional EST monitor,$3FE8; $3FE6; $3FF6; $3FDC; $3FEC; $3FE4; $3FC0; $3FCA,run qualification; bypass/EST authority; conversion equation; rolling state; paired $3FE8/$3FE6 handoff likely required,$3FE8/$3FE6 paired role; $3FEC->$3FE4 mirror; physical bypass authority; first-event seed; L0201/L3FC0 packing; Error 42 side effects,"physical bypass/EST output control register/line; full dropout behavior; final spark writer sequence",no SPARK_WRITE; no direct $3FE8/$3FE6 writer; no LA906 replacement ASM; no physical EST authority code,"wild spark timing, loss of bypass safety, false EST fault, coil misfire, engine damage",bench classification before any spark ASM; then source/minimal_os/spark static stubs only if explicitly marked,spark is structurally mapped but still blocked from code by bench gates
IDLE_AIR_OUTPUT,next_unmapped_subsystem,none_focused_yet,desired IAC position; present IAC position; idle/crank/run state; step rate; park/crank target; battery/CTS if retained,IAC step direction; coil phase/latch sequence; present-count update; park/default position commands,IAC desired counts; present counts; stepper phase; direction; step cadence; park/crank/run behavior,"IAC stepper ASIC/output registers pending; possible $3FFC/output latch; direct-page IAC RAM state pending",not yet mapped,"coil phase sequence; output latch addresses; step timing; reset/park behavior; lost-step assumptions",full IAC/idle-air output hardware contract,no IAC writer until output registers and phase sequence are extracted,"stuck IAC, runaway idle, no start airflow, lost step position, driver overheating",IAC_IDLE_AIR_OUTPUT_CONTRACT,"next technical pass should target hardware output sequence, not idle strategy tables"
ALDL_DEBUG,planned,DYNAMIC_TRACE_PLAN; ALDL_DEBUG future contract,module state; hardware write trace candidates; safe debug cadence; ALDL request/response state,debug frames; trace visibility; module-state exports; bench instrumentation frames,debug page/frame selection; ALDL transmit state; trace counters,SCI/ALDL hardware registers pending focused contract,debug visibility needed for bench proof but not core engine output,serial timing; request/response side effects; bandwidth limits; live trace safety,minimal ALDL frame contract and optional debug registers,do not let debug writes perturb timing-critical outputs,"bad bench evidence, serial lockups, timing jitter, hidden output side effects",ALDL_DEBUG_CONTRACT,debug must help prove hardware contracts without becoming required engine strategy
WATCHDOG_SAFE_STATE,required_not_fully_contracted,MINIMAL_OS_SKELETON; STATIC_ANALYSIS_SUMMARY; future watchdog/safe-state contract,run state; REF present/missing; fuel enable; spark authority; IAC state; watchdog timer state,watchdog service; no-ref fuel-off; spark/bypass safe state; IAC default/safe state; reset/fault response,safe-state flags; dropout handling; watchdog service cadence; output disable/hold policy,watchdog register(s) pending; fuel/spark/IAC output registers as safe-state targets,no-ref safe state; fuel-off safe state; spark/bypass safe state; watchdog service required,watchdog service exact sequence; dropout behavior; output disable vs hold decisions; IAC safe state,watchdog hardware contract; complete safe-state transition table,do not disable watchdog or leave outputs live during missing REF unless explicitly proven safe,"watchdog reset loop, stuck injector, unsafe spark, runaway idle, bench damage",WATCHDOG_SAFE_STATE_CONTRACT,safe-state behavior cuts across every output module
TRANSMISSION_EMISSIONS_EXCLUDED,excluded_unless_hardware_required,README; WORKING_STATE,none for minimal OS unless hardware-required,none planned,none planned,TCC/shift/EGR/EVAP outputs excluded unless proven required for shared hardware init,none,only if a supposedly excluded output shares required ASIC mode/init behavior,not targeted,no TCC; no shift logic; no EGR; no EVAP; no inherited GM mode-word baggage,scope creep and strategy swamp; accidental hardware side effects if shared mode bits ignored,none unless hardware-required evidence appears,keeps project focused on required hardware contracts
