stage,pc,mnemonic,operands,symbol,address,read_or_write,bitmask,value_source,routine_label,monitor_context,candidate_role,enable_condition,fault_condition,clear_condition,side_effect_candidate,required_for_minimal_os,confidence,notes
monitor_enable_precheck,0xA51B,BRCLR,"L004F,#$40,LA57F",L004F bit6,0x004F,read_bit,0x40,major-loop EST monitor enable flag,LA51B,pre-run/spark path monitor gate,est_monitor_enable,set on previous good EST monitor path at 0xAC1C,monitor skipped if clear,not shown in this row,"monitor gate, not proven physical EST authority",only_if_stock_fault_monitor_retained,high_static,"L004F bit6 gates monitor logic; not proven as physical bypass/EST output control"
engine_running_context,0xA510/0xA56E,BRCLR/BSET,"L004F,#$80",L004F bit7,0x004F,read_then_write_bit,0x80,run qualification result,LA50A/LA56E,run qualification context,engine_running_gate,RPM threshold plus DRP/ref event count gates pass,monitor should not matter before run qualification,cleared during reset/stall cleanup at 0x7D78,run-state authority gate,yes_for_run_qualification,high_static,engine-running bit is context for when EST monitor should become relevant
first_drp_gate,0xABCB,BRCLR,"L0044,#$08,LAC31",L0044 bit3,0x0044,read_bit,0x08,first DRP valid latch,LABA2,post-LA906 EST monitor gate,first_drp_gate,first DRP valid latch set,monitor skipped if no first DRP valid,cleared after monitor/event consumption at 0xAC25,"event-gating for monitor, possible first-event safety",yes_if_stock_monitor_retained,high_static,monitor check is gated by first DRP valid after LA906 path
recent_drp_gate,0xABCF,BRCLR,"L0050,#$04,LAC10",L0050 bit2,0x0050,read_bit,0x04,DRP occurred 6.25 ms test flag,LABA2,post-LA906 EST monitor gate,recent_drp_gate,recent DRP occurred flag set,monitor skipped if no recent DRP,not resolved in this contract,prevents false EST fault during missing-ref/dropout,yes_if_stock_monitor_retained_or_equivalent_dropout_gate_needed,medium_high_static,"source comment: DRP OCCURRED 6.25msec TEST"
captured_ref_current_read,0xABD3,LDD,L3FCA,L3FCA,0x3FCA,read,,ASIC/RPM/ref count source,LABA2,Error 42 A monitor sample,captured_ref_current,first DRP valid and recent DRP gates pass,current sample compared against L0205 prior sample,good path stores new sample,"fault monitor sample source, not direct authority output",only_if_stock_fault_monitor_retained,medium_static,current EST/ref monitor sample source
captured_ref_previous_compare,0xABEA,SUBD,L0205,L0205,0x0205,read,,prior stored L3FCA sample,LABA2,Error 42 A delta check,captured_ref_previous,current L3FCA sample available,no/invalid delta candidate increments counter path,new sample stored at 0xAC0D,"fault monitor comparison only, side effects pending",only_if_stock_fault_monitor_retained,medium_static,"corrected monitor pair uses L0205, not L0204, in captured rows"
err42_mask_gate,0xABDD,BRCLR,"0,Y,#$20,LAC1C",ERR word 4 bit5,0x5B03 bit5 candidate,read_bit,0x20,error mask/status word,LABA2,Error 42 A enabled/disabled path,est_fault_threshold,"ERR 42 monitor/error bit enabled","if enabled, monitor may increment counter",good path branches to LAC1C,diagnostic/error reporting gate,no_if_monitor_omitted_or_disabled,medium_static,"source comment references ERR 42, EST MONITOR ERROR"
monitor_enabled_shortcut,0xABE2,BRSET,"L004F,#$40,LAC25",L004F bit6,0x004F,read_bit,0x40,major-loop EST monitor enable flag,LABA2,Error 42 A monitor path,est_monitor_enable,"if already enabled, branch to event consume/mirror path",skips initial-good path setup when set,not shown in this row,"monitor-state control, not proven spark-authority control",only_if_stock_fault_monitor_retained,high_static,bit6 controls monitor state flow inside EST check path
est_error_counter_increment,0xAC06/0xAC07,INCB/STAB,L022C,L022C,0x022C,read_modify_write/write,,incremented EST ERR counter,LABFE,Error 42 A fault accumulation,est_fault_counter,monitor gates pass and fault path taken,counter increments toward L4E72 threshold,cleared on good path at 0xAC1F,"diagnostic counter; authority side effect not proven",no_if_MON_A; yes_if_MON_B_or_MON_C,high_static,"source comments identify EST ERR CNTR; threshold L4E72=4 NUM EST ERR'S FR 42A"
first_good_flag_clear_on_fault_path,0xAC0A,BCLR,"L0044,#$40",L0044 bit6,0x0044,write_bit,0x40,fault/not-good path,LABFE,Error 42 A fault accumulation,est_fault_set,fault path after counter increment,clears first-good ERR42A flag candidate,good monitor path may set/maintain related state elsewhere,"diagnostic state; authority side effect unknown",no_if_monitor_omitted_or_disabled,medium_static,"source comment: CLR b6, 1st GOOD ERR 42A FLAG"
captured_ref_previous_store,0xAC0D,STX,L0205,L0205,0x0205,write,,X=current L3FCA sample,LAC0D,Error 42 A sample update,captured_ref_previous,monitor path reached sample-store point,next cycle compares against this value,overwritten every valid sample-store event,monitor-only memory state,only_if_stock_fault_monitor_retained,medium_static,stores current sample as next prior sample
locked_err42a_set,0xAC13,BSET,"L0044,#$80",L0044 bit7,0x0044,write_bit,0x80,EST error threshold path,LAC13,Error 42 A threshold reached,est_fault_threshold,L022C exceeds/equals L4E72 threshold candidate,locks ERR42A state candidate,not resolved in this contract,"diagnostic/fault-latch; bypass/fuel side effect not proven",no_if_MON_A; yes_if_monitor_retained,medium_high_static,"source comment indicates LOCKED IN ERR 42A; comment bit number mismatch possible"
monitor_enable_set_good_path,0xAC1C,BSET,"L004F,#$40",L004F bit6,0x004F,write_bit,0x40,good EST monitor path,LAC1C,Error 42 A good path,est_monitor_enable,good EST monitor check path,not fault path,"not shown; bit6 is tested elsewhere","enables future monitor checks; physical authority not proven",only_if_stock_fault_monitor_retained,high_static,"source comment: SET b6, MAJOR LOOP EST MONITOR ENABLE"
est_error_counter_clear,0xAC1F,CLR,L022C,L022C,0x022C,write,,good EST monitor path,LAC1C,Error 42 A recovery/good path,est_fault_clear,good monitor path,clears accumulated counter,CLR L022C,"diagnostic counter recovery; authority side effect not proven",only_if_stock_fault_monitor_retained,high_static,clears EST error counter after good path
event_latch_clear_after_monitor,0xAC25,BCLR,"L0044,#$08",L0044 bit3,0x0044,write_bit,0x08,post-monitor event consumed,LAC25,post-monitor event rearm,first_drp_gate,monitor/event path reached completion,not direct fault path,clears first DRP valid latch for next event,"event rearm; may protect first-event monitor behavior",yes_if_stock_event_latch_retained,high_static,event-consumption step shared with mirror path
asic_status_mirror_read,0xAC28,LDX,L3FEC,L3FEC,0x3FEC,read,,ASIC status/source/capture,LAC25,post-monitor ASIC status/mirror,asic_status_mirror,event/monitor path reaches LAC25,may affect monitor or handoff if skipped,mirror write follows at 0xAC2E,"shared ACK/status sync candidate",likely_yes_until_bench_disproves_if_LA906_path_retained,medium_static,"same mirror path as LA906 output sequence; could belong to monitor, handoff ACK, or both"
asic_status_mirror_write,0xAC2E,STX,L3FE4,L3FE4,0x3FE4,write,,X=$3FEC,LAC25,post-monitor ASIC status/mirror,asic_status_mirror,L3FEC read occurred,skipping may reveal ACK/monitor side effect,"not a clear; mirror/ack candidate","shared ACK/status sync candidate",likely_yes_until_bench_disproves_if_LA906_path_retained,medium_static,write side of $3FEC->$3FE4 mirror
major_loop_monitor_gate,0xE019,BRCLR,"L004F,#$40,LE041",L004F bit6,0x004F,read_bit,0x40,major-loop EST monitor enable flag,LE011,Error 42 B / major-loop monitor,est_monitor_enable,bit6 set by good path,major-loop monitor skipped if clear,not shown in this row,diagnostic monitor gate,only_if_stock_fault_monitor_retained,high_static,second monitor site confirms bit6 as monitor enable
major_loop_rpm_fault_gate,0xE023,CMPA,L4E70,L4E70,0x4E70,read_cal_compare,,A=RPM/25,LE011,Error 42 B / major-loop RPM gate,rpm_threshold_gate,RPM above L4E70 threshold,ERR 42 monitor active above RPM threshold,not shown in this row,diagnostic monitor RPM gate,only_if_stock_fault_monitor_retained,high_static,"source comment: RPM LIMIT, 450 RPM, ERR 42"
