contract_name,symbol,address,pc,mnemonic,operands,access_type,width,routine_label,reader_or_writer,value_source,used_by,candidate_unit,candidate_physical_meaning,rpm_dependency,spark_dependency,hardware_dependency,confidence,notes
SPARK_TIMEBASE_PERIOD,L3FC0,0x3FC0,0x842C,LDD,L3FC0,R,16,L8424,reader,memory_to_register,period/spark support,drp_ref_period_or_event_anchor,ASIC timing/period source; comments call it last DRP/ref period counter,yes_candidate,unknown,yes_asic_window,medium_static,
SPARK_TIMEBASE_PERIOD,L3FC0,0x3FC0,0x858B,LDX,L3FC0,R,16,L858B,reader,memory_to_register,period/spark support,drp_ref_period_or_event_anchor,ASIC timing/period source; comments call it last DRP/ref period counter,yes_candidate,unknown,yes_asic_window,medium_static,LAST REF PERIOD CNT'R
SPARK_TIMEBASE_PERIOD,L3FC0,0x3FC0,0xA551,LDD,L3FC0,R,16,LA551,reader,memory_to_register,period/spark support,drp_ref_period_or_event_anchor,ASIC timing/period source; comments call it last DRP/ref period counter,yes_candidate,unknown,yes_asic_window,medium_static,
SPARK_TIMEBASE_PERIOD,L3FC0,0x3FC0,0xA581,LDD,L3FC0,R,16,LA581,reader,memory_to_register,period/spark support,drp_ref_period_or_event_anchor,ASIC timing/period source; comments call it last DRP/ref period counter,yes_candidate,unknown,yes_asic_window,medium_static,RPM = ((65536 * 120)/8)/CAL
SPARK_TIMEBASE_PERIOD,L005F,0x005F,0xA5CF,STD,L005F,W,16,LA5BE,writer,D,period/spark support,timer_ticks_or_scaled_period,software copy/work value for DRP/ref period basis used as LF550 multiplicand,yes_candidate,unknown,software_ram_or_status,medium_static,LAST DRP PERIOD
SPARK_TIMEBASE_PERIOD,L3FC0,0x3FC0,0xA5E5,LDD,L3FC0,R,16,LA5E5,reader,memory_to_register,period/spark support,drp_ref_period_or_event_anchor,ASIC timing/period source; comments call it last DRP/ref period counter,yes_candidate,unknown,yes_asic_window,medium_static,LAST DRP PERIOD CNTR
SPARK_TIMEBASE_PERIOD,L005F,0x005F,0xA5E8,STD,L005F,W,16,LA5E5,writer,D,period/spark support,timer_ticks_or_scaled_period,software copy/work value for DRP/ref period basis used as LF550 multiplicand,yes_candidate,unknown,software_ram_or_status,medium_static,LAST DRP PERIOD VAL
SPARK_TIMEBASE_PERIOD,L005F,0x005F,0xA5FC,STD,L005F,W,16,LA5E5,writer,D,period/spark support,timer_ticks_or_scaled_period,software copy/work value for DRP/ref period basis used as LF550 multiplicand,yes_candidate,unknown,software_ram_or_status,medium_static,SAVE 16 BIT RPM VALUE
SPARK_TIMEBASE_PERIOD,L005F,0x005F,0xA5FE,LDD,L005F,R,16,LA5FE,reader,memory_to_register,period/spark support,timer_ticks_or_scaled_period,software copy/work value for DRP/ref period basis used as LF550 multiplicand,yes_candidate,unknown,software_ram_or_status,medium_static,LAST DRP PERIOD VAL
SPARK_TIMEBASE_PERIOD,L01EC,0x01EC,0xA6EC,STD,L01EC,W,16,LA6E3,writer,D,period/spark support,timing_correction_or_rolling_period_term,timing correction/work-period state used after LA906 command candidates,unknown,yes_candidate,software_ram_or_status,medium_static,
SPARK_TIMEBASE_PERIOD,L3FC0,0x3FC0,0xA6EF,LDD,L3FC0,R,16,LA6E3,reader,memory_to_register,period/spark support,drp_ref_period_or_event_anchor,ASIC timing/period source; comments call it last DRP/ref period counter,yes_candidate,unknown,yes_asic_window,medium_static,
SPARK_TIMEBASE_PERIOD,L01EC,0x01EC,0xA6F5,SUBD,L01EC,R,16,LA6E3,reader,SUBD,period/spark support,timing_correction_or_rolling_period_term,timing correction/work-period state used after LA906 command candidates,unknown,yes_candidate,software_ram_or_status,medium_static,
SPARK_TIMEBASE_PERIOD,L01EC,0x01EC,0xA6FA,ADDD,L01EC,R,16,LA6E3,reader,ADDD,period/spark support,timing_correction_or_rolling_period_term,timing correction/work-period state used after LA906 command candidates,unknown,yes_candidate,software_ram_or_status,medium_static,
SPARK_TIMEBASE_PERIOD,L01EC,0x01EC,0xA6FD,STD,L01EC,W,16,LA6E3,writer,D,period/spark support,timing_correction_or_rolling_period_term,timing correction/work-period state used after LA906 command candidates,unknown,yes_candidate,software_ram_or_status,medium_static,
SPARK_TIMEBASE_PERIOD,L01EE,0x01EE,0xAA22,STD,L01EE,W,16,LAA1A,writer,D,period/spark support,degree_domain_signed_offset_before_conversion,degree-domain signed retard/spark offset before time conversion,unknown,yes_candidate,software_ram_or_status,medium_static,CURRENT RESTARD (2's CMP)
SPARK_TIMEBASE_PERIOD,L01EE,0x01EE,0xAA28,SUBD,L01EE,R,16,LAA1A,reader,SUBD,period/spark support,degree_domain_signed_offset_before_conversion,degree-domain signed retard/spark offset before time conversion,unknown,yes_candidate,software_ram_or_status,medium_static,CURRENT RETARD (2's CMP)
SPARK_TIMEBASE_PERIOD,L01EE,0x01EE,0xAA2D,ADDD,L01EE,R,16,LAA1A,reader,ADDD,period/spark support,degree_domain_signed_offset_before_conversion,degree-domain signed retard/spark offset before time conversion,unknown,yes_candidate,software_ram_or_status,medium_static,CURRENT RETARD (2's CMP)
SPARK_TIMEBASE_PERIOD,L01EE,0x01EE,0xAA30,STD,L01EE,W,16,LAA1A,writer,D,period/spark support,degree_domain_signed_offset_before_conversion,degree-domain signed retard/spark offset before time conversion,unknown,yes_candidate,software_ram_or_status,medium_static,CURRENT RETARD (2's CMP)
SPARK_TIMEBASE_PERIOD,L01EE,0x01EE,0xAA51,LDD,L01EE,R,16,LAA51,reader,memory_to_register,period/spark support,degree_domain_signed_offset_before_conversion,degree-domain signed retard/spark offset before time conversion,unknown,yes_candidate,software_ram_or_status,medium_static,CURRENT RESTARD (2's CMP
SPARK_TIMEBASE_PERIOD,L01EE,0x01EE,0xAA59,STD,L01EE,W,16,LAA51,writer,D,period/spark support,degree_domain_signed_offset_before_conversion,degree-domain signed retard/spark offset before time conversion,unknown,yes_candidate,software_ram_or_status,medium_static,CURRENT RESTARD (2's CMP
SPARK_TIMEBASE_PERIOD,L01EE,0x01EE,0xAAD1,LDD,L01EE,R,16,LAACB,reader,memory_to_register,period/spark support,degree_domain_signed_offset_before_conversion,degree-domain signed retard/spark offset before time conversion,unknown,yes_candidate,software_ram_or_status,medium_static,CURRENT RESTARD (2's CMP
SPARK_TIMEBASE_PERIOD,L01EE,0x01EE,0xAAD8,STD,L01EE,W,16,LAACB,writer,D,period/spark support,degree_domain_signed_offset_before_conversion,degree-domain signed retard/spark offset before time conversion,unknown,yes_candidate,software_ram_or_status,medium_static,CURRENT RESTARD (2's CMP
SPARK_TIMEBASE_PERIOD,L01EE,0x01EE,0xAAEF,CPD,L01EE,R,16,LAAEF,reader,,period/spark support,degree_domain_signed_offset_before_conversion,degree-domain signed retard/spark offset before time conversion,unknown,yes_candidate,software_ram_or_status,medium_static,CURRENT RESTARD (2's CMP
SPARK_TIMEBASE_PERIOD,L01EE,0x01EE,0xAB06,CPD,L01EE,R,16,LAAF7,reader,,period/spark support,degree_domain_signed_offset_before_conversion,degree-domain signed retard/spark offset before time conversion,unknown,yes_candidate,software_ram_or_status,medium_static,CURRENT RESTARD (2's CMP
SPARK_TIMEBASE_PERIOD,L01EE,0x01EE,0xAB11,CPD,L01EE,R,16,LAB0E,reader,,period/spark support,degree_domain_signed_offset_before_conversion,degree-domain signed retard/spark offset before time conversion,unknown,yes_candidate,software_ram_or_status,medium_static,CURRENT RESTARD (2's CMP)
SPARK_TIMEBASE_PERIOD,L01EE,0x01EE,0xAB17,STD,L01EE,W,16,LAB17,writer,D,period/spark support,degree_domain_signed_offset_before_conversion,degree-domain signed retard/spark offset before time conversion,unknown,yes_candidate,software_ram_or_status,medium_static,CURRENT RESTARD (2's CMP
SPARK_TIMEBASE_PERIOD,L01EE,0x01EE,0xAB1A,LDD,L01EE,R,16,LAB1A,reader,memory_to_register,LA906 conversion,degree_domain_signed_offset_before_conversion,degree-domain signed retard/spark offset before time conversion,unknown,yes_candidate,software_ram_or_status,medium_static,CURRENT RESTARD (2's CMP
SPARK_TIMEBASE_PERIOD,L01EE,0x01EE,0xAB3E,STD,L01EE,W,16,LAB3E,writer,D,LA906 conversion,degree_domain_signed_offset_before_conversion,degree-domain signed retard/spark offset before time conversion,unknown,yes_candidate,software_ram_or_status,medium_static,CURRENT RESTARD (2's CMP
SPARK_TIMEBASE_PERIOD,L01EE,0x01EE,0xAB47,LDD,L01EE,R,16,LAB3E,reader,memory_to_register,LA906 conversion,degree_domain_signed_offset_before_conversion,degree-domain signed retard/spark offset before time conversion,unknown,yes_candidate,software_ram_or_status,medium_static,CURRENT RESTARD (2's CMP
SPARK_TIMEBASE_PERIOD,L0201,0x0201,0xAB72,STAA,L0201,W,8,LAB69,writer,AA,LA906 conversion,latency_ticks_or_scaled_latency,RPM-indexed latency correction subtracted before LA906 sink,yes_candidate,yes_candidate,software_ram_or_status,medium_static,
SPARK_TIMEBASE_PERIOD,L005F,0x005F,0xAB76,LDX,#$005F,CONTEXT,16,LAB69,context,,LF550 multiplicand,timer_ticks_or_scaled_period,software copy/work value for DRP/ref period basis used as LF550 multiplicand,yes_candidate,unknown,software_ram_or_status,medium_static,
SPARK_TIMEBASE_PERIOD,L0201,0x0201,0xAB84,SUBB,L0201,R,8,LAB84,reader,SUBB,LA906 conversion,latency_ticks_or_scaled_latency,RPM-indexed latency correction subtracted before LA906 sink,yes_candidate,yes_candidate,software_ram_or_status,medium_static,
SPARK_TIMEBASE_PERIOD,L3FC0,0x3FC0,0xAB8E,SUBD,L3FC0,R,16,LAB84,reader,SUBD,LA906 conversion,drp_ref_period_or_event_anchor,ASIC timing/period source; comments call it last DRP/ref period counter,yes_candidate,unknown,yes_asic_window,medium_static,
SPARK_TIMEBASE_PERIOD,L01EC,0x01EC,0xABB3,SUBD,L01EC,R,16,LABA2,reader,SUBD,LA906 conversion,timing_correction_or_rolling_period_term,timing correction/work-period state used after LA906 command candidates,unknown,yes_candidate,software_ram_or_status,medium_static,
SPARK_TIMEBASE_PERIOD,L01EC,0x01EC,0xABB7,LDX,L01EC,R,16,LABA2,reader,memory_to_register,LA906 conversion,timing_correction_or_rolling_period_term,timing correction/work-period state used after LA906 command candidates,unknown,yes_candidate,software_ram_or_status,medium_static,
