contract_name,symbol,address,pc,mnemonic,operands,access_type,width,routine_label,reader_or_writer,value_source,operation,domain,candidate_unit,candidate_scale,sign_role,used_by,confidence,notes
SPARK_MAGNITUDE_SCALE,L01FC,0x01FC,0xCAD2,STAA,L01FC,W,8,LCAD2,writer,A,write_variable,degree_domain,spark_angle_scaled_count,0.3515625 deg/count (90/256) candidate,,spark magnitude build-up,high_static,"SPARK ADDER; WOT table comment nearby: TBL = (256/90) * SPK ADV DEG"
SPARK_MAGNITUDE_SCALE,L01FC,0x01FC,0xA7E7,LDAB,L01FC,R,8,LA7D4,reader_or_context,,read_variable,degree_domain,spark_angle_scaled_count,0.3515625 deg/count (90/256) candidate,,spark magnitude build-up,medium_static,FROM TABLE L44BF
SPARK_MAGNITUDE_SCALE,L020B,0x020B,0xA78F,STAA,L020B,W,8,LA77A,writer,A,write_variable,retard_domain,spark_angle_scaled_count,0.3515625 deg/count (90/256) candidate,,spark magnitude build-up,medium_static,LOW OCTAINE SPK RETARD
SPARK_MAGNITUDE_SCALE,L020B,0x020B,0xA811,SUBB,L020B,R,8,LA811,reader_or_context,,subtract_modifier_or_bias,retard_domain,spark_angle_scaled_count,0.3515625 deg/count (90/256) candidate,,spark magnitude build-up,medium_static,LOW OCTAINE SPK RETARD
SPARK_MAGNITUDE_SCALE,L01FD,0x01FD,0xA81B,STD,L01FD,W,16,LA811,writer,D,write_variable,degree_domain,spark_angle_scaled_count,0.3515625 deg/count (90/256) candidate,,spark magnitude build-up,medium_static,FINAL SPK ADV
SPARK_MAGNITUDE_SCALE,L01FD,0x01FD,0xA839,LDD,L01FD,R,16,LA82B,reader_or_context,,read_variable,degree_domain,spark_angle_scaled_count,0.3515625 deg/count (90/256) candidate,,spark magnitude build-up,medium_static,FINAL SPK ADV
SPARK_MAGNITUDE_SCALE,L01FD,0x01FD,0xA841,STD,L01FD,W,16,LA82B,writer,D,write_variable,degree_domain,spark_angle_scaled_count,0.3515625 deg/count (90/256) candidate,,spark magnitude build-up,medium_static,FINAL SPK ADV
SPARK_MAGNITUDE_SCALE,L01FD,0x01FD,0xA8FD,ADDD,L01FD,R,16,LA8FD,reader_or_context,,add_modifier,degree_domain,spark_angle_scaled_count,0.3515625 deg/count (90/256) candidate,,spark magnitude build-up,high_static,"Idle correction table nearby: TBL = SPK ADV 256/90"
SPARK_MAGNITUDE_SCALE,L01FD,0x01FD,0xA900,STD,L01FD,W,16,LA8FD,writer,D,write_variable,degree_domain,spark_angle_scaled_count,0.3515625 deg/count (90/256) candidate,,spark magnitude build-up,medium_static,
SPARK_MAGNITUDE_SCALE,L01FD,0x01FD,0xA97A,LDD,L01FD,R,16,LA97A,reader_or_context,,read_variable,degree_domain,spark_angle_scaled_count,0.3515625 deg/count (90/256) candidate,,spark magnitude build-up,medium_static,FINAL SPK ADV
SPARK_MAGNITUDE_SCALE,L01F2,0x01F2,0xA986,STD,L01F2,W,16,LA97A,writer,D,write_variable,startup_override_domain,spark_angle_scaled_count,0.3515625 deg/count (90/256) candidate,,LF550 magnitude path,medium_static,START UP SPARK
SPARK_MAGNITUDE_SCALE,L01FD,0x01FD,0xA9DD,STD,L01FD,W,16,LA9DD,writer,D,write_variable,degree_domain,spark_angle_scaled_count,0.3515625 deg/count (90/256) candidate,,spark magnitude build-up,medium_static,FINAL SPK ADV
SPARK_MAGNITUDE_SCALE,L01FD,0x01FD,0xAA0F,STD,L01FD,W,16,LAA0C,writer,D,write_variable,degree_domain,spark_angle_scaled_count,0.3515625 deg/count (90/256) candidate,,spark magnitude build-up,medium_static,FINAL SPK ADV / forced 0 deg power steering path
SPARK_MAGNITUDE_SCALE,L01FD,0x01FD,0xAA1A,LDD,L01FD,R,16,LAA1A,reader_or_context,,read_variable,degree_domain,spark_angle_scaled_count,0.3515625 deg/count (90/256) candidate,,spark magnitude build-up,medium_static,FINAL SPK ADV
SPARK_MAGNITUDE_SCALE,L01EE,0x01EE,0xAA1D,SUBB,L4132,R,8,LAA1A,reader_or_context,,subtract_modifier_or_bias,signed_offset_domain,spark_angle_scaled_count,0.3515625 deg/count (90/256) candidate,,LF550 magnitude path,high_static,"SUB OFF 3.8 Deg INITIAL SPK (256/90) before L01EE store"
SPARK_MAGNITUDE_SCALE,L01EE,0x01EE,0xAA22,STD,L01EE,W,16,LAA1A,writer,D,write_variable,signed_offset_domain,spark_angle_scaled_count,0.3515625 deg/count (90/256) candidate,"signed two's-complement offset; later BPL/bit0 sign path",LF550 magnitude path,high_static,CURRENT RETARD (2's CMP)
SPARK_MAGNITUDE_SCALE,L01EE,0x01EE,0xAA51,LDD,L01EE,R,16,LAA51,reader_or_context,,read_variable,signed_offset_domain,spark_angle_scaled_count,0.3515625 deg/count (90/256) candidate,"signed two's-complement offset",LF550 magnitude path,high_static,CURRENT RETARD (2's CMP)
SPARK_MAGNITUDE_SCALE,L01EE,0x01EE,0xAA59,STD,L01EE,W,16,LAA51,writer,D,write_variable,signed_offset_domain,spark_angle_scaled_count,0.3515625 deg/count (90/256) candidate,"signed two's-complement offset",LF550 magnitude path,high_static,CURRENT RETARD (2's CMP)
SPARK_MAGNITUDE_SCALE,L020C,0x020C,0xAABC,ADDA,L020C,R,8,LAAB5,reader_or_context,,add_modifier,retard_domain,spark_angle_scaled_count,"0.17578125 deg/count before /2, then 0.3515625 after LSRA",,spark magnitude build-up,medium_static,"Deg, KNOCK RETARD"
SPARK_MAGNITUDE_SCALE,L020C,0x020C,0xAACB,STAA,L020C,W,8,LAACB,writer,A,write_variable,retard_domain,spark_angle_scaled_count,"0.17578125 deg/count before /2, then 0.3515625 after LSRA",,spark magnitude build-up,medium_static,"DEG, KNOCK RETARD"
SPARK_MAGNITUDE_SCALE,L020C,0x020C,0xAACE,LSRA,,CTX,8,LAACB,reader_or_context,,scale_shift,retard_domain,spark_angle_scaled_count,"0.17578125 deg/count before /2, then 0.3515625 after LSRA",,spark magnitude build-up,medium_static,"halve knock-retard value before subtracting from L01EE path"
SPARK_MAGNITUDE_SCALE,L01EE,0x01EE,0xAAD1,LDD,L01EE,R,16,LAACB,reader_or_context,,read_variable,signed_offset_domain,spark_angle_scaled_count,0.3515625 deg/count (90/256) candidate,"signed two's-complement offset",LF550 magnitude path,high_static,CURRENT RETARD (2's CMP)
SPARK_MAGNITUDE_SCALE,L01EE,0x01EE,0xAAD8,STD,L01EE,W,16,LAACB,writer,D,write_variable,signed_offset_domain,spark_angle_scaled_count,0.3515625 deg/count (90/256) candidate,"signed two's-complement offset",LF550 magnitude path,high_static,CURRENT RETARD (2's CMP)
SPARK_MAGNITUDE_SCALE,L01EE,0x01EE,0xAB1A,LDD,L01EE,R,16,LAB1A,reader_or_context,,read_variable,signed_offset_domain,spark_angle_scaled_count,0.3515625 deg/count (90/256) candidate,"direct pre-magnitude source for LF550 path",LF550 magnitude path,high_static,CURRENT RETARD (2's CMP)
SPARK_MAGNITUDE_SCALE,L004F,0x004F,0xAB44,BCLR,"L004F,#$01",RMW,8/bit,LAB3E,writer,"L004F,#$01",flag_sign_or_state,status_flag_domain,flag_or_unknown,"bit0: 1=retard, 0=advance","bit0: 1=retard, 0=advance",LF550 magnitude path,high_static,"CLR b0, 1 = RETARD, 0 = ADVANCE"
SPARK_MAGNITUDE_SCALE,L01EE,0x01EE,0xAB47,LDD,L01EE,R,16,LAB3E,reader_or_context,,read_variable,signed_offset_domain,spark_angle_scaled_count,0.3515625 deg/count (90/256) candidate,"BPL positive path; negative sets L004F bit0 and NEGB creates magnitude",LF550 magnitude path,high_static,CURRENT RETARD (2's CMP)
SPARK_MAGNITUDE_SCALE,L004F,0x004F,0xAB4C,BSET,"L004F,#$01",RMW,8/bit,LAB3E,writer,"L004F,#$01",flag_sign_or_state,status_flag_domain,flag_or_unknown,"bit0: 1=retard, 0=advance","bit0: 1=retard, 0=advance",LF550 magnitude path,high_static,"SET b0, 1 = RETARD, 0 = ADVANCE"
SPARK_MAGNITUDE_SCALE,L01EE,0x01EE,0xAB4F,NEGB,,CTX,8,LAB3E,reader_or_context,,sign_magnitude_transform,signed_offset_domain,spark_angle_scaled_count,0.3515625 deg/count (90/256) candidate,"negative L01EE low byte becomes unsigned magnitude",LF550 magnitude path,high_static,
SPARK_MAGNITUDE_SCALE,L01EE,0x01EE,0xAB50,TBA,,CTX,8,LAB50,reader_or_context,,sign_magnitude_transform,signed_offset_domain,spark_angle_scaled_count,0.3515625 deg/count (90/256) candidate,"A = B magnitude before LF550 unless startup path modifies it",LF550 magnitude path,high_static,
SPARK_MAGNITUDE_SCALE,L01F2,0x01F2,0xAB55,LDAB,L01F2,R,8,LAB50,reader_or_context,,read_variable,startup_override_domain,spark_angle_scaled_count,0.3515625 deg/count (90/256) candidate,,LF550 magnitude path,medium_static,START UP SPARK
SPARK_MAGNITUDE_SCALE,L01F2,0x01F2,0xAB60,MUL,,CTX,8,LAB60,reader_or_context,,multiply_or_startup_scale,startup_override_domain,spark_angle_scaled_count,0.3515625 deg/count (90/256) candidate,,LF550 magnitude path,medium_static,"startup path multiplies A magnitude by startup spark factor before LF550"
SPARK_MAGNITUDE_SCALE,L004F,0x004F,0xAB7C,BRSET,"L004F,#$01,LAB84",R,8/bit,LAB84,reader_or_context,,flag_sign_or_state,status_flag_domain,flag_or_unknown,"bit0: 1=retard, 0=advance","bit0 chooses sign of LF550 product application",LF550 magnitude path,high_static,"BR IF b0, 1 = RETARD, 0 = ADVANCE"
