stage,pc,mnemonic,operands,input_value,operation,output_register,output_value,candidate_role,required_for_minimal_os,bench_test,confidence,notes
entry_input,0xAB97,ADDD,L3FF6,D_AB97 from SPARK_CONVERSION_EQUATION + L3FF6 rolling anchor,D = D_AB97 + L3FF6,D,first rolling-anchor-adjusted timing value,event_anchor_update,yes_if_la906_path_retained,force D_AB97 delta and observe downstream $3FE8/$3FE6 movement,medium_static,first LA906 arithmetic after conversion equation sink
first_timing_compute,0xABA4,SUBD,L3FF6,D and L3FF6,D = D - L3FF6 after intermediate stack/control flow,D,value written to $3FE8,timing_command_1,bench_classify,freeze/force $3FE8; compare EST timing movement,medium_static,$3FE8 write follows this subtract
write_3fe8,0xABAA,STD,L3FE8,D from first_timing_compute,write first ASIC timing command candidate,$3FE8/$3FE9,D,timing_command_1,likely_yes_pending_bench,freeze $3FE8 or force known delta at fixed RPM,medium_static,first direct spark/EST timing ASIC write candidate
second_timing_compute,0xABB0,ADDD,L3FDC,D plus $3FDC rolling state,D = D + L3FDC,D,second timing pre-correction,rolling_state_update,bench_classify,freeze $3FDC; observe timing stability/jitter,medium_static,$3FDC participates before $3FE6 write and is later updated from X
second_timing_compute,0xABB3,SUBD,L01EC,D and L01EC timing correction/work term,D = D - L01EC,D,value written to $3FE6,latency_adjusted_command,bench_classify,vary L01EC if traceable; observe $3FE6 movement,medium_static,final arithmetic before $3FE6 write
write_3fe6,0xABBA,STD,L3FE6,D from second_timing_compute,write second ASIC timing command candidate,$3FE6/$3FE7,D,timing_command_2,likely_yes_pending_bench,freeze $3FE6 or force known delta at fixed RPM,medium_static,second direct spark/EST timing ASIC write candidate
update_3fdc,0xABC0,STX,L3FDC,X loaded from L01EC at 0xABB7,update rolling state with L01EC-derived value,$3FDC/$3FDD,X = L01EC,rolling_state_update,likely_yes_if_rolling_state_required,"freeze $3FDC; observe if EST output drifts, jitters, or locks",medium_static,"$3FDC read before $3FE6, then updated after write"
update_3ff6,0xABC8,STD,L3FF6,D restored/recomputed after $3FE6 path,update EST fall counter / rolling anchor,$3FF6/$3FF7,D,event_anchor_update,likely_yes_if_rolling_anchor_required,freeze $3FF6; observe if timing breaks or loses continuity,medium_static,$3FF6 is read/subtracted and then rewritten in same bridge
mirror_3fec_to_3fe4,0xAC28,LDX,L3FEC,$3FEC ASIC status/source/capture,read ASIC source/status candidate,X,$3FEC,asic_status_read,bench_classify,skip mirror path and observe EST/status behavior,medium_static,read side of $3FEC -> $3FE4 mirror/ack candidate
mirror_3fec_to_3fe4,0xAC2E,STX,L3FE4,X loaded from $3FEC,mirror/ack/write source status to companion target,$3FE4/$3FE5,X = $3FEC,asic_ack_mirror,likely_yes_if_ack_required,block $3FEC->$3FE4 mirror; observe EST output/fault/status behavior,medium_static,separate mini-contract; could be required hardware acknowledge
