stage,pc,mnemonic,operands,input_symbol,input_candidate_unit,output_symbol,output_candidate_unit,operation,constant,scale_candidate,physical_interpretation,confidence,notes
degree_accumulator,0xA81B,STD,L01FD,L01FC/L020B/modifiers,spark degrees / scaled degree-domain,L01FD,"final spark advance, degree-domain",store final spark after low-octane/base/modifier path,,unknown; likely GM scaled spark degrees,final software spark accumulator before bridge,medium_high_static,L01FD is labeled FINAL SPK ADV in multiple source comments
degree_to_signed_offset,0xAA1A-0xAA30,LDD/STD/SUBD/ADDD,"L01FD,L01EE",L01FD,degree-domain final spark,L01EE,"signed current retard/offset, degree-domain until conversion",transform final spark into current retard/2s-complement offset state,,same degree-domain scale as L01FD until conversion,software advance/retard error or offset to schedule,medium_static,L01EE comments: CURRENT RETARD (2's CMP)
knock_low_octane_fold_in,"0xA811,0xAABC-0xAAD8",SUBB/ADDA/STAA/LDD/STD,"L020B,L020C,L01EE",L020B/L020C,degree-domain retard,L01FD/L01EE,degree-domain after retard corrections,subtract or add retard sources before timing conversion,,same as spark degree-domain variables,retarding spark before conversion,medium_high_static,"L020B low octane spark retard; L020C DEG,KNOCK RETARD"
sign_magnitude_transform,0xAB47-0xAB50,LDD/BPL/BSET/NEGB/CLRA,"L01EE,L004F,#$01",L01EE,signed degree-domain offset,B with L004F bit0 sign,magnitude plus sign flag,if negative set L004F bit0 and negate B; clear A,0x01,8-bit magnitude used for multiply,separate advance/retard direction from magnitude,medium_static,comment indicates 1 = retard and 0 = advance in existing contract; verify with source/bench
startup_override_magnitude,0xAB55-0xAB5B,LDAB/MUL/STD,"L01F2, stack",L01F2,startup spark degree-domain,D,startup-derived magnitude before period multiply,startup path can replace/scale the normal B magnitude,,startup-specific; bench required,crank/startup spark is not necessarily normal final spark,medium_static,"L01F2 labeled START UP SPARK; path controlled by flags before LAB69"
latency_lookup,0xAB69-0xAB72,LDAA/LDX/JSR/STAA,"L0062,#$454A,LF499,L0201",L0062/table_$454A,RPM/25 index,L0201,latency correction / tick correction candidate,2D lookup indexed by engine RPM/25 stores latency correction,table $454A,table units unknown; subtracted from B after multiply,EST/module latency or scheduling latency compensation,medium_static,L0201 is subtracted at 0xAB84
degree_period_multiply,0xAB76-0xAB79,LDX/JSR,"#$005F,LF550","B magnitude, L005F",degree magnitude and last DRP/ref period basis,D,time/tick-domain intermediate,multiply 8-bit spark magnitude against 16-bit period basis using LF550,X=$005F,likely 8x16 fixed-point multiply; exact LF550 contract still needed,convert degrees to a time offset using current engine period,medium_static,key unresolved math helper; create MATH_HELPER_LF550 if unit remains ambiguous
latency_subtract,0xAB84,SUBB,L0201,L0201,latency correction,D/B,time/tick-domain minus latency,subtract latency lookup from low byte of multiply result,,same low-byte units as LF550 output,compensate output timing for latency,medium_static,borrow/carry behavior through following operations needs exact emulation
period_anchor_subtract,0xAB8E-0xAB96,SUBD/LSRD/ORAA,"L3FC0, four LSRD, #$F0",L3FC0,ASIC REF/DRP period or capture count,D_AB97,timing-domain offset before rolling anchor add,"subtract period/timebase term, shift right 4, set high nibble marker/sign bits","0xF0, shift /16","(multiply_result - L3FC0) >> 4 with high-nibble tagging",forms LA906-ready timing offset relative to rolling anchor,medium_static,exact signed interpretation of ORAA #$F0 must be bench/emulation-confirmed
la906_sink,0xAB97,ADDD,L3FF6,"D_AB97,L3FF6",timing-domain offset plus rolling EST fall counter,D,absolute/rolling ASIC timing command candidate,add rolling anchor L3FF6,,same timebase as LA906 ASIC timing writes exact count/us pending,bridge from conversion result into ASIC spark scheduling sequence,high_static_sink_low_physical_units,D is not raw spark degrees at this point
