stage,pc,mnemonic,operands,symbol,address,read_or_write,bitmask,value_source,routine_label,transition_context,candidate_role,bypass_state,est_state,run_state,fault_state,required_for_minimal_os,confidence,notes
safe_default_engine_running_clear,0x7D78,BCLR,"L004F,#$80",L004F bit7,0x004F,write_bit,0x80,clear engine-running flag,L7D4B reset/stall cleanup,key_on_or_stall_safe_default,engine_running,safe/default bypass authority,not_authorized,not_running,not_fault_path,yes,high_static,"source comment: CLR b7, ENGINE RUNNING"
safe_default_run_fuel_clear,0x7D7B,BCLR,"L004F,#$10",L004F bit4,0x004F,write_bit,0x10,clear run-fuel flag,L7D4B reset/stall cleanup,key_on_or_stall_safe_default,run_qualification,safe/default bypass authority,not_authorized,not_run_fuel,not_fault_path,yes,high_static,"source comment: CLR b4, RUN FUEL"
first_drp_valid_clear_on_startup_window,0x7D9A,BCLR,"L0044,#$08",L0044 bit3,0x0044,write_bit,0x08,clear first DRP valid latch,L7D90 startup/restart branch,startup_or_restart_rearm,drp_count_gate,bypass until first DRP revalidated,not_authorized_until_revalidated,not_yet_qualified,not_fault_path,yes,high_static,clears 1st DRP VALID during startup/restart rearm path
run_gate_engine_running_test,0xA510,BRCLR,"L004F,#$80,LA540",L004F bit7,0x004F,read_bit,0x80,engine-running flag,LA50A spark/run qualification front gate,before_spark_run_path,engine_running,if clear go qualify crank/run,gated by run qualification,engine-running candidate,not_fault_path,yes,high_static,branches to LA540 if engine-running bit is clear
run_gate_run_fuel_test,0xA514,BRSET,"L004F,#$10,LA51B",L004F bit4,0x004F,read_bit,0x10,run-fuel flag,LA50A spark/run qualification front gate,before_spark_run_path,run_qualification,startup filter if clear,run path if set,run-fuel candidate,not_fault_path,yes,medium_high_static,"source comment: BR IF b4, RUN FUEL"
first_drp_valid_test,0xA540,BRSET,"L0044,#$08,LA54A",L0044 bit3,0x0044,read_bit,0x08,first DRP valid latch,LA540 run qualification,first_ref_event_gate,drp_count_gate,bypass/startup until first DRP valid,not_authorized until first DRP valid,first DRP valid candidate,not_fault_path,yes,high_static,"source comment: BR IF b3, 1st DRP VALID"
first_drp_valid_set,0xA544,BSET,"L0044,#$08",L0044 bit3,0x0044,write_bit,0x08,first accepted DRP/ref event,LA540 run qualification,first_ref_event_gate,drp_count_gate,first DRP latched; still not fully run-qualified,not_authorized this event,first_drp_seen,not_fault_path,yes,high_static,"source comment: SET b3, 1st DRP VALID"
rpm_threshold_compare,0xA554,CPD,L4133,L4133,0x4133,read_cal_compare,,D from L3FC0 period/counter path,LA551 run qualification,rpm_threshold_gate,rpm_threshold_gate,bypass until threshold met,not_authorized until run-qualified,450 RPM threshold candidate,not_fault_path,yes,high_static,"source comment: 450 RPM BYPASS TO RUN ENABLE IN REF PERIOD"
run_event_counter_increment,0xA560,INC,L0210,L0210,0x0210,rmw,,qualifying DRP/ref event,LA560 run qualification,run_event_count_gate,drp_count_gate,bypass until count satisfied,not_authorized until count satisfied,qualifying count increments,not_fault_path,yes,medium_high_static,run qualification counter increments after RPM threshold path
run_event_counter_threshold,0xA566,CMPA,L4142,L4142,0x4142,read_cal_compare,,A=L0210 qualifying event counter,LA560 run qualification,run_event_count_gate,drp_count_gate,bypass until count satisfied,not_authorized until count satisfied,DRP/ref count threshold candidate,not_fault_path,yes,high_static,"source comment: NUM CNT'S SPK RUN FLAG SET IF RPM GT 2 DRP'S"
engine_running_set,0xA56E,BSET,"L004F,#$80",L004F bit7,0x004F,write_bit,0x80,RPM threshold plus DRP/ref count qualification,LA56E run qualified,spark_authority_transfer_candidate,engine_running,transition candidate,run/EST authority candidate,engine_running_set,not_fault_path,yes,high_static,"source comment: SET b7, ENGINE RUNNING"
startup_spark_override_clear,0xA57C,STD,L01F2,L01F2,0x01F2,write,,D=$0000,LA56E run qualified,leaving_startup_spark,spark_authority_transfer,leaving startup mode,run/EST authority candidate,startup spark cleared,not_fault_path,likely_yes_if_startup_override_retained,medium_static,clears START UP SPARK after engine-running qualification
est_monitor_enable_test,0xA51B,BRCLR,"L004F,#$40,LA57F",L004F bit6,0x004F,read_bit,0x40,major-loop EST monitor enable flag,LA51B run path,EST monitor gate,est_monitor_enable,not direct bypass control,monitor disabled if clear,running/run-fuel path,monitor gated,yes_if_fault_monitor_retained,high_static,"source comment: MAJOR LOOP EST MONITOR ENABLE"
post_la906_first_drp_gate,0xABCB,BRCLR,"L0044,#$08,LAC31",L0044 bit3,0x0044,read_bit,0x08,first DRP valid latch,LABA2 / post-LA906 EST check,post_la906_fault_monitor_gate,drp_count_gate,no EST check if no first DRP valid,EST check gated by first DRP valid,requires first DRP valid,fault check skipped if clear,yes_if_fault_monitor_retained,high_static,gate occurs after LA906 output sequence rows; this suggests LA906 can run before monitor acceptance
post_la906_drp_occurred_gate,0xABCF,BRCLR,"L0050,#$04,LAC10",L0050 bit2,0x0050,read_bit,0x04,DRP occurred 6.25 ms test flag,LABA2 / post-LA906 EST check,post_la906_fault_monitor_gate,drp_count_gate,not direct bypass control,EST check gated by recent DRP,requires recent DRP,fault check skipped if clear,yes_if_fault_monitor_retained,medium_high_static,"source comment: DRP OCCURRED 6.25msec TEST"
est_monitor_sample_read,0xABD3,LDD,L3FCA,L3FCA,0x3FCA,read,,ASIC/RPM/ref count source,LABA2 / EST monitor A,Error 42 A monitor sample,asic_status_read,not direct bypass control,monitor sample source,run/DRP-valid context,ERR42 sample source,yes_if_fault_monitor_retained,medium_static,sample is compared against L0205; user-watch L0204 is adjacent but static rows point to L0205 here
est_monitor_prior_sample_compare,0xABEA,SUBD,L0205,L0205,0x0205,read,,prior L3FCA sample,LABA2 / EST monitor A,Error 42 A monitor delta,est_fault_counter,not direct bypass control,monitoring,run/DRP-valid context,compare current vs prior sample,yes_if_fault_monitor_retained,medium_static,"important correction: static evidence points to L0205/L022C, not L0204/L022B, for this EST monitor path"
est_error_counter_increment,0xAC06/0xAC07,INCB/STAB,L022C,L022C,0x022C,write,,incremented EST error counter,LABFE / EST monitor A,Error 42 A counter,est_fault_counter,not direct bypass control,monitoring,run/DRP-valid context,ERR42A counter increment,yes_if_fault_monitor_retained,high_static,"source comments identify EST ERR CNTR and threshold L4E72=4 NUM EST ERR'S FR 42A"
est_monitor_sample_store,0xAC0D,STX,L0205,L0205,0x0205,write,,X=current L3FCA sample,LAC0D / EST monitor A,Error 42 A monitor sample store,est_fault_counter,not direct bypass control,monitoring,run/DRP-valid context,store prior sample for next compare,yes_if_fault_monitor_retained,medium_static,stores current sample for next EST monitor comparison
est_monitor_enable_set_good_path,0xAC1C,BSET,"L004F,#$40",L004F bit6,0x004F,write_bit,0x40,good EST monitor path,LAC1C / EST monitor A,EST monitor enable,est_monitor_enable,not direct bypass control,monitor enabled,run/DRP-valid context,good path clears error counter,yes_if_fault_monitor_retained,high_static,"source comment: SET b6, MAJOR LOOP EST MONITOR ENABLE"
est_error_counter_clear_good_path,0xAC1F,CLR,L022C,L022C,0x022C,write,,good EST monitor path,LAC1C / EST monitor A,EST monitor enable,est_fault_counter,not direct bypass control,monitor enabled,run/DRP-valid context,clear EST error counter,yes_if_fault_monitor_retained,high_static,clears EST ERR CNTR
first_drp_valid_clear_after_monitor,0xAC25,BCLR,"L0044,#$08",L0044 bit3,0x0044,write_bit,0x08,post-monitor event consumed,LAC25 / event rearm,DRP event rearm / monitor completion,drp_count_gate,event consumed,ready for next event,run/DRP-valid context,not_fault_path,yes_if_stock_event_latch_retained,high_static,"source comment: CLR b3, 1st DRP VALID"
asic_status_mirror_read,0xAC28,LDX,L3FEC,L3FEC,0x3FEC,read,,ASIC source/status/capture,LAC25 / status mirror,ASIC status/mirror after EST monitor,asic_status_read,not direct bypass control,handoff/ack context,run/DRP-valid context,status sync,likely_yes_until_bench_disproves,medium_static,read side of $3FEC->$3FE4 mirror
asic_status_mirror_write,0xAC2E,STX,L3FE4,L3FE4,0x3FE4,write,,X=$3FEC,LAC25 / status mirror,ASIC status/mirror after EST monitor,asic_mirror_ack,not direct bypass control,handoff/ack context,run/DRP-valid context,status sync,likely_yes_until_bench_disproves,medium_static,write side of $3FEC->$3FE4 mirror; may be ack/status sync rather than bypass authority itself
major_loop_est_monitor_gate,0xE019,BRCLR,"L004F,#$40,LE041",L004F bit6,0x004F,read_bit,0x40,major-loop EST monitor enable flag,LE011 / EST monitor B,major_loop_Error_42_monitor,est_monitor_enable,not direct bypass control,major monitor gated by bit6,run/fault monitor context,skip ERR42B if clear,yes_if_fault_monitor_retained,high_static,"second EST monitor path confirms L004F bit6 as monitor enable, not necessarily EST authority output bit"
major_loop_err42_rpm_gate,0xE023,CMPA,L4E70,L4E70,0x4E70,read_cal_compare,,A=RPM/25,LE011 / EST monitor B,major_loop_Error_42_monitor,rpm_threshold_gate,not direct bypass control,major monitor active above threshold,RPM gate,ERR42B RPM gate,yes_if_fault_monitor_retained,high_static,"source comment: RPM LIMIT, 450 RPM, ERR 42"
